CHR,POS,a1,a0,beta
15,20143409,G,A,-0.000172127587367993
15,20151610,T,C,-0.000174607627367993
15,20161372,A,C,-0.000172327787367993
15,20176300,T,C,-0.000172198887367993
15,20177092,A,G,-0.000172414587367993
15,20180945,G,T,-0.000172640787367993
15,20184600,A,G,-0.000172529687367993
15,20191741,G,A,-0.000179311087367993
15,20192011,C,A,-0.000171453187367993
15,20212798,A,G,-0.000169599787367993
15,20263028,T,C,-0.000177073287367993
15,22351239,G,A,-0.000182325387367993
15,22374294,A,G,-0.000175109087367993
15,22455504,G,A,-0.000164924787367993
15,22492514,T,C,-0.000215575387367993
15,22755185,C,T,-0.000173678907367993
15,22763396,T,C,-0.000173951973667993
15,22763479,G,A,-0.000173451367367993
15,22765683,G,A,-0.000173688577367993
15,22766685,A,G,-0.000170042287367993
15,22766739,A,C,-0.000168756487367993
15,22766821,T,C,-0.000172727387367993
15,22777875,G,A,-0.000147799387367993
15,22778880,A,G,-0.000179267987367993
15,22779976,A,G,-0.000158890387367993
15,22784067,A,G,-0.000165413487367993
15,22784095,T,G,-0.000166840987367993
15,22784483,T,G,-0.000172590087367993
15,22787103,C,T,-0.000172245187367993
15,22789021,C,T,-0.000172936487367993
15,22791431,A,C,-0.000170986087367993
15,22796596,T,C,-0.000167548287367993
15,22797909,C,T,-0.000173545437367993
15,22799908,T,C,-0.000176159587367993
15,22799945,G,A,-0.000175678887367993
15,22808811,A,C,-0.000176104887367993
15,22810682,T,C,-0.000178512787367993
15,22815729,A,G,-0.000175964287367993
15,22816713,C,A,-0.000176722987367993
15,22833075,G,A,-0.000176588887367993
15,22835646,A,G,-0.000177625187367993
15,22837143,T,G,-0.000178364587367993
15,22839971,T,C,-0.000171548487367993
15,22847512,A,C,-0.000177160387367993
15,22850389,G,A,-0.000177222787367993
15,22853997,C,T,-0.000178246787367993
15,22854437,G,A,-0.000177370287367993
15,22858321,G,A,-0.000177443487367993
15,22860243,T,C,-0.000177216087367993
15,22863262,G,A,-0.000166574887367993
15,22863817,T,G,-0.000177633987367993
15,22865671,C,T,-0.000177383587367993
15,22866498,T,C,-0.000177506487367993
15,22866621,A,G,-0.000173301547367993
15,22868262,T,C,-0.000177258387367993
15,22869764,G,A,-0.000177244187367993
15,22869804,G,A,-0.000172574587367993
15,22869860,T,G,-0.000172300087367993
15,22872798,C,T,-0.000177386187367993
15,22873325,G,A,-0.000178137287367993
15,22873784,T,C,-0.000178149787367993
15,22876052,A,G,-0.000177501687367993
15,22876889,T,C,-0.000173029477367993
15,22877725,A,G,-0.000172960117367993
15,22883542,A,G,-0.000176425587367993
15,22886225,A,G,-0.000174451987367993
15,22891783,C,A,-0.000166915487367993
15,22892083,G,A,-0.000173779867367993
15,22904312,T,C,-0.000176810487367993
15,22905570,G,A,-0.000177452987367993
15,22905631,T,C,-0.000176942687367993
15,22905647,T,C,-0.000177594087367993
15,22907319,G,A,-0.000177227687367993
15,22908279,A,G,-0.000158878387367993
15,22908392,A,G,-0.000176621687367993
15,22909207,C,T,-0.000177422087367993
15,22909421,C,T,-0.000157681387367993
15,22916162,G,A,-0.000173204227367993
15,22918281,T,C,-0.000267804387367993
15,22918657,T,C,-0.000154833387367993
15,22919415,C,T,-0.000259684387367993
15,22920718,T,C,-0.000174665927367993
15,22922449,A,G,-0.000169528387367993
15,22922576,G,T,-0.000209966387367993
15,22924097,G,T,-0.000161581387367993
15,22924144,T,C,-0.000162400387367993
15,22924484,A,G,-0.000169345987367993
15,22926229,G,A,-0.000164117187367993
15,22927167,A,G,-0.000283126387367993
15,22927952,T,C,-0.000174339567367993
15,22930067,A,G,-0.000173176287367993
15,22931008,G,A,-0.000173169257367993
15,22931445,A,G,-0.000211464387367993
15,22932511,T,C,-0.000153821387367993
15,22933317,C,A,-0.000163790387367993
15,22933691,A,G,-0.000463976387367993
15,22934925,T,C,-0.000172914187367993
15,22937188,A,G,-0.000175811487367993
15,22937838,A,G,-0.000164580787367993
15,22940670,T,C,-0.000204482387367993
15,22945314,C,T,-0.000173843627367993
15,22946061,C,T,-0.000176046887367993
15,22948004,G,A,-0.000166410287367993
15,22948024,G,A,-0.000180170187367993
15,22948429,A,G,-0.000168513187367993
15,22949828,G,A,-0.000176113387367993
15,22953581,T,G,-0.000174419637367993
15,22955013,T,G,-0.000173259007367993
15,22958104,G,A,-0.000170385987367993
15,22958758,C,T,-0.000170846087367993
15,22960447,G,T,-0.000179408087367993
15,22960499,G,A,-0.000168529287367993
15,22960700,G,A,-0.000170813187367993
15,22960938,T,C,-0.000168686187367993
15,22964125,G,A,-0.000170786087367993
15,22964647,T,C,-0.000170683287367993
15,22965525,T,C,-0.000170860287367993
15,22965658,T,C,-0.000173572457367993
15,22967644,G,A,-0.000169457987367993
15,22968294,T,C,-0.000171623987367993
15,22969232,A,G,-0.000348166387367993
15,22971564,A,G,-0.000170864687367993
15,22972196,C,T,-0.000168492687367993
15,22976911,A,G,-0.000169054887367993
15,22984844,A,C,-0.000266170387367993
15,22985688,G,T,-0.000160109387367993
15,22989918,G,A,-0.000173225897367993
15,22990345,T,G,-0.000172612087367993
15,22991030,T,C,-0.000185704387367993
15,22991234,T,C,-0.000189500387367993
15,22993882,G,A,-0.000199442387367993
15,22994595,T,G,-0.000172850587367993
15,22994921,T,C,-0.000170818787367993
15,22999857,A,G,-0.000218579387367993
15,23000272,A,G,-0.000169556087367993
15,23001691,A,G,-0.000171934887367993
15,23004808,T,C,-0.000180339287367993
15,23004893,C,A,-0.000193959387367993
15,23005202,A,G,-0.000190503387367993
15,23006707,A,C,-0.000386806387367993
15,23009392,G,A,-0.000177874787367993
15,23010510,T,C,-0.000378046387367993
15,23013126,G,T,-0.000182258587367993
15,23016558,C,T,-0.000178917087367993
15,23017052,C,T,-0.000172974097367993
15,23021113,G,A,-0.000172803987367993
15,23021238,T,C,-0.000183783887367993
15,23021515,T,C,-0.000183728187367993
15,23022836,G,A,-0.000165741887367993
15,23024078,G,A,-0.000344646387367993
15,23024765,G,A,-0.000172842787367993
15,23024823,C,A,-0.000180528987367993
15,23026848,A,G,-0.000180558287367993
15,23032840,A,G,-0.000178855387367993
15,23032922,A,G,-0.000159690387367993
15,23033803,T,C,-0.000160619387367993
15,23034002,T,C,-0.000166880187367993
15,23036756,T,C,-0.000177036087367993
15,23037520,T,C,-0.000168723687367993
15,23040856,T,C,-0.000210034387367993
15,23042155,G,A,-0.000176722587367993
15,23043239,A,G,-0.000169753087367993
15,23043896,G,A,-0.000168529887367993
15,23045127,A,G,-0.000164400387367993
15,23046404,C,T,-0.000159361387367993
15,23046855,G,T,-0.000209868387367993
15,23048542,G,A,-0.000173319587367993
15,23050981,A,C,-0.000172591287367993
15,23052632,T,C,-0.000260718387367993
15,23053212,C,T,-0.000172866487367993
15,23053839,G,A,-0.000156610387367993
15,23054987,C,A,-0.000172953987367993
15,23059394,C,T,-0.000223445387367993
15,23059985,T,C,-0.000166475687367993
15,23060281,G,A,-0.000176355187367993
15,23062802,C,A,-0.000165551987367993
15,23065793,T,G,-0.000150801387367993
15,23066736,T,C,-0.000166672187367993
15,23077857,A,G,-0.000172956187367993
15,23078008,G,A,-0.000168581287367993
15,23078384,A,G,-0.000181009187367993
15,23079277,C,T,-0.000157551387367993
15,23079307,T,C,-0.000181486487367993
15,23084443,G,T,-0.000181946687367993
15,23086929,A,G,-0.000167430287367993
15,23094223,A,G,-0.000165969987367993
15,23096921,A,C,-0.000177036587367993
15,23134244,A,G,-0.000313856387367993
15,23140114,C,T,-0.000175380587367993
15,23226254,G,A,-0.000177418687367993
15,23255910,C,T,-0.000172706987367993
15,23641196,G,A,-0.000170010787367993
15,23648792,A,C,-0.000170890387367993
15,23654207,G,A,-0.000174432747367993
15,23668092,G,A,-0.000186229387367993
15,23682708,T,G,-0.000176470687367993
15,23684528,C,T,-0.000175605487367993
15,23688944,A,G,-0.000175235087367993
15,23693406,A,G,-0.000174756947367993
15,23697376,C,T,-0.000171217287367993
15,23698008,G,A,-0.000172236087367993
15,23698190,G,A,-0.000171481987367993
15,23702032,T,C,-0.000171111987367993
15,23702452,C,T,-0.000170947087367993
15,23704109,A,G,-0.000171453087367993
15,23708851,T,C,-0.000171395887367993
15,23710146,C,T,-0.000179831987367993
15,23719829,C,T,-0.000172151587367993
15,23721867,C,T,-0.000171098287367993
15,23727655,A,G,-0.000189251387367993
15,23728368,G,A,-0.000186692387367993
15,23731123,G,T,-0.000187172387367993
15,23731977,G,A,-0.000187227387367993
15,23733544,C,A,-0.000181423987367993
15,23736658,T,C,-0.000188335387367993
15,23738588,C,A,-0.000178997587367993
15,23745029,G,A,-0.000190598387367993
15,23747125,G,T,-0.000181950287367993
15,23747775,G,A,-0.000178521187367993
15,23749808,G,A,-0.000179538387367993
15,23749956,C,T,-0.000178757087367993
15,23750690,T,C,-0.000179836887367993
15,23750962,C,T,-0.000183718387367993
15,23752506,G,A,-0.000191174387367993
15,23753884,T,C,-0.000175717887367993
15,23755449,G,A,-0.000176429887367993
15,23755713,T,C,-0.000169451087367993
15,23762348,A,G,-0.000174521587367993
15,23762842,G,T,-0.000167803687367993
15,23764447,C,T,-0.000175335787367993
15,23765819,A,G,-0.000174876107367993
15,23766426,A,G,-0.000173071817367993
15,23771443,G,T,-0.000172727287367993
15,23775544,A,G,-0.000175681187367993
15,23777880,A,G,-0.000174557817367993
15,23778651,T,C,-0.000174599847367993
15,23778772,T,G,-0.000174582597367993
15,23781307,C,T,-0.000174075607367993
15,23781448,T,C,-0.000174087947367993
15,23781646,A,G,-0.000174301417367993
15,23782134,G,A,-0.000175609287367993
15,23782545,T,C,-0.000175750387367993
15,23782767,C,T,-0.000175605987367993
15,23785819,C,A,-0.000173408487367993
15,23788330,G,A,-0.000190818387367993
15,23792773,G,A,-0.000174487367367993
15,23795436,G,A,-0.000186521387367993
15,23795542,A,G,-0.000160643387367993
15,23799284,G,T,-0.000187838387367993
15,23801101,G,A,-0.000187091387367993
15,23803295,A,G,-0.000172472987367993
15,23809721,C,T,-0.000159350387367993
15,23809876,A,G,-0.000181253287367993
15,23811592,T,C,-0.000181020287367993
15,23813662,C,T,-0.000246081387367993
15,23814372,A,G,-0.000176485687367993
15,23814666,C,T,-0.000242055387367993
15,23815592,A,G,-0.000250190387367993
15,23816185,C,T,-0.000233810387367993
15,23817721,A,G,-0.000170956387367993
15,23824746,T,G,-0.000168910387367993
15,23826761,T,C,-0.000171966487367993
15,23833737,C,T,-0.000186687387367993
15,23833777,C,T,-0.000169401187367993
15,23844725,A,G,-0.000184767387367993
15,23845197,G,A,-0.000185158387367993
15,23845374,A,G,-0.000184286387367993
15,23847508,A,G,-0.000182745787367993
15,23847797,T,G,-0.000182023187367993
15,23848747,G,A,-0.000172579287367993
15,23849818,G,A,-0.000196013387367993
15,23850588,T,C,-0.000186517387367993
15,23850683,A,G,-0.000175541387367993
15,23850729,A,G,-0.000175581187367993
15,23851828,C,A,-0.000192400387367993
15,23851950,C,T,-0.000189265387367993
15,23852106,C,T,-0.000189669387367993
15,23853079,C,T,-0.000197480387367993
15,23853206,T,C,-0.000203020387367993
15,23853274,T,C,-0.000202237387367993
15,23854666,A,C,-0.000197945387367993
15,23865946,G,A,-0.000171699387367993
15,23867593,C,T,-0.000198041387367993
15,23868061,G,A,-0.000197466387367993
15,23872057,A,C,-0.000205045387367993
15,23877411,A,G,-0.000149271387367993
15,23877607,A,C,-0.000192762387367993
15,23879149,A,C,-0.000171727987367993
15,23880551,A,G,-0.000169426987367993
15,23885129,T,G,-0.000163281387367993
15,23886293,G,A,-0.000171472887367993
15,23886941,G,T,-0.000179454187367993
15,23888266,A,G,-0.000159851387367993
15,23889033,G,T,-0.000171281587367993
15,23893311,A,G,-0.000171262087367993
15,23893689,G,A,-0.000171336787367993
15,23894516,T,C,-0.000177621687367993
15,23894745,C,T,-0.000171468087367993
15,23895635,A,G,-0.000177261687367993
15,23895828,C,T,-0.000173692557367993
15,23897908,C,T,-0.000171112787367993
15,23898129,T,C,-0.000171049587367993
15,23902324,C,T,-0.000170516387367993
15,23906499,C,T,-0.000173777607367993
15,23907160,A,G,-0.000174871507367993
15,23908687,G,A,-0.000172393187367993
15,23909515,A,C,-0.000174162017367993
15,23909626,A,G,-0.000170722187367993
15,23914637,T,C,-0.000173176727367993
15,23916629,T,C,-0.000173236507367993
15,23919353,C,A,-0.000170114587367993
15,23920534,A,C,-0.000171453187367993
15,23923575,G,A,-0.000170338387367993
15,23928326,G,T,-0.000179689187367993
15,23929094,T,G,-0.000184709387367993
15,23929107,A,G,-0.000184733387367993
15,23931507,A,G,0.00104754361263201
15,23935812,G,T,-0.000179577587367993
15,23936670,T,G,-0.000191883387367993
15,23936783,G,A,-0.000179886887367993
15,23939177,G,A,-0.000179182987367993
15,23940401,G,A,-0.000200484387367993
15,23944385,G,A,-0.000169534187367993
15,23947116,G,T,-0.000195755387367993
15,23948571,G,A,-0.000194155387367993
15,23949274,T,C,-0.000170061287367993
15,23949665,C,T,-0.000190507387367993
15,23950159,C,T,-0.000168030087367993
15,23952350,T,C,-0.000479596387367993
15,23952738,A,C,-0.000141755387367993
15,23953241,T,C,-0.000125340387367993
15,23954249,A,G,-0.000158917387367993
15,23955391,T,C,-0.000165728687367993
15,23955532,A,G,-0.000159904387367993
15,23956478,T,C,-0.000180941187367993
15,23966711,G,A,-0.000173911806367993
15,23973973,C,T,-0.000166388987367993
15,23974642,A,G,-0.000181709187367993
15,23975482,C,T,-0.000185984387367993
15,23978955,G,A,-0.000186191387367993
15,23980175,T,C,-0.000172874387367993
15,23985102,C,T,-0.000185222387367993
15,23989271,C,T,-0.000175867487367993
15,24000638,C,T,-0.000181162287367993
15,24001273,C,T,-0.000181647687367993
15,24002327,T,C,-0.000175122887367993
15,24004831,T,C,-0.000175023487367993
15,24006160,T,C,-0.000178796087367993
15,24007729,A,G,-0.000163554387367993
15,24008071,T,C,-0.000136158387367993
15,24009288,A,G,-0.000175115487367993
15,24014325,C,T,-0.000179379587367993
15,24018003,C,T,-0.000172504487367993
15,24021115,G,T,-0.000180465087367993
15,24024378,G,A,-0.000160934387367993
15,24025162,C,T,-0.000171929387367993
15,24025416,G,A,-0.000185874387367993
15,24025547,C,T,-0.000169315587367993
15,24025788,A,C,-0.000164945687367993
15,24026111,C,T,-0.000206725387367993
15,24027493,G,A,-0.000165745387367993
15,24027532,A,C,-0.000174108527367993
15,24028086,C,T,-0.000170947487367993
15,24030956,C,T,-0.000166450387367993
15,24031000,A,G,-0.000175241087367993
15,24031053,G,A,-0.000172163987367993
15,24032071,T,C,-0.000151719387367993
15,24032467,T,C,-0.000174420737367993
15,24038093,A,G,-0.000170221387367993
15,24038267,G,A,-0.000170504287367993
15,24038355,T,C,-0.000172991547367993
15,24039121,G,A,-0.000164461587367993
15,24040865,A,G,-0.000157057387367993
15,24042194,G,A,-0.000163254387367993
15,24043143,G,A,-0.000167529787367993
15,24043825,C,T,-0.000170500787367993
15,24046717,G,T,-0.000362056387367993
15,24047188,G,A,-0.000168904987367993
15,24047401,T,G,-0.000172702187367993
15,24050258,C,T,-0.000175836687367993
15,24052041,T,C,-0.000331416387367993
15,24052523,G,A,-0.000177299587367993
15,24052546,G,A,-0.000165689287367993
15,24053317,A,G,-0.000174512487367993
15,24054341,A,G,-0.000177442687367993
15,24055625,A,G,-0.000173065257367993
15,24056437,T,C,-0.000485836387367993
15,24058740,C,T,-0.000174981187367993
15,24058888,A,G,-0.000170516387367993
15,24059307,C,T,-0.000177119287367993
15,24059713,A,G,-0.000449826387367993
15,24061497,A,G,-0.000175315887367993
15,24063516,G,A,-0.000200052387367993
15,24067646,C,T,-0.000186799387367993
15,24077122,T,C,-0.000174074787367993
15,24079785,A,C,-0.000175891387367993
15,24082733,C,T,-0.000175057187367993
15,24082747,A,G,-0.000175081387367993
15,24083983,T,G,-0.000194112387367993
15,24088722,A,G,-0.000163031387367993
15,24089570,G,T,-0.000176137787367993
15,24089841,C,T,-0.000176086187367993
15,24090025,G,T,-0.000173828567367993
15,24096906,G,A,-0.000175690587367993
15,24098594,C,T,-0.000187685387367993
15,24104152,T,C,2.5133612632007e-05
15,24106808,G,A,-0.000175206187367993
15,24107440,G,A,4.1793612632007e-05
15,24110492,T,C,-0.000240979387367993
15,24112281,A,G,-0.000143691387367993
15,24117029,A,G,-0.000174426107367993
15,24117257,A,G,2.8933612632007e-05
15,24126080,T,C,-0.000172410887367993
15,24126311,T,C,3.4223612632007e-05
15,24129888,T,C,-0.000163522387367993
15,24131314,A,G,-0.000157138387367993
15,24132212,A,G,-0.000163478387367993
15,24132448,C,A,-0.000163683387367993
15,24134482,C,A,-0.000162209387367993
15,24135355,T,C,-0.000168991287367993
15,24135683,T,C,-0.000161401387367993
15,24136844,A,C,-0.000167132687367993
15,24138034,A,C,-0.000163137387367993
15,24138305,A,G,-0.000169529587367993
15,24139079,T,C,-0.000173016897367993
15,24139537,G,A,-8.5482387367993e-05
15,24144958,A,G,-0.000134138387367993
15,24146722,G,A,-0.000163207387367993
15,24147292,G,A,-7.1756387367993e-05
15,24147406,C,T,-7.5324387367993e-05
15,24147882,T,C,-0.000215934387367993
15,24148413,A,G,-0.000168593987367993
15,24148457,T,C,-0.000178340687367993
15,24150317,T,C,-0.000174280907367993
15,24150918,T,C,-0.000175393787367993
15,24151732,C,T,-0.000174166167367993
15,24152094,A,G,-0.000135886387367993
15,24152993,A,G,-0.000170631287367993
15,24153747,A,G,-0.000175135787367993
15,24155430,T,C,-0.000176350987367993
15,24156254,A,G,-0.000174167457367993
15,24156570,G,A,-0.000176542687367993
15,24158326,A,G,-0.000176168387367993
15,24164475,A,G,-0.000177987587367993
15,24168055,G,A,-0.000182180687367993
15,24173505,T,C,-0.000174973987367993
15,24175851,A,G,-0.000168388887367993
15,24178052,C,T,-0.000187550387367993
15,24178859,G,T,-0.000179172687367993
15,24179387,A,G,-0.000164347187367993
15,24179908,T,C,-0.000166742387367993
15,24180113,G,A,-0.000164387987367993
15,24180988,T,C,-0.000179118587367993
15,24181729,C,A,-0.000164699687367993
15,24181808,G,T,-0.000164714087367993
15,24186400,A,G,-0.000175477187367993
15,24191389,C,T,-0.000175890187367993
15,24192073,A,G,-0.000160800387367993
15,24193582,G,T,-0.000180195087367993
15,24196452,G,A,-0.000177624187367993
15,24198152,C,T,-0.000172591087367993
15,24199507,A,C,-0.000173776457367993
15,24202589,T,G,-0.000196505387367993
15,24202687,C,T,-0.000198223387367993
15,24203933,G,A,-0.000172885587367993
15,24205188,A,C,-0.000173442157367993
15,24205248,G,T,-0.000172811387367993
15,24205361,C,A,-0.000193687387367993
15,24206810,A,C,-0.000172741887367993
15,24208910,T,G,-0.000172855987367993
15,24212609,T,C,-0.000172914587367993
15,24213433,G,A,-0.000174207487367993
15,24213615,G,A,-0.000173703567367993
15,24214201,T,G,-0.000173186877367993
15,24216870,G,A,-0.000170119987367993
15,24217764,C,T,-0.000174453457367993
15,24218973,A,C,-0.000172301287367993
15,24221602,A,G,-0.000170097987367993
15,24224131,T,C,-0.000174394927367993
15,24225663,C,T,-0.000175402087367993
15,24227585,A,C,-0.000168475787367993
15,24228167,A,C,-0.000179694687367993
15,24232522,T,C,-0.000177948187367993
15,24233142,A,G,-0.000170983787367993
15,24234769,A,G,-0.000174939637367993
15,24236088,A,C,-0.000177719687367993
15,24241342,C,A,-0.000173711957367993
15,24242881,A,G,-0.000175363487367993
15,24243536,C,A,-0.000175554787367993
15,24243878,G,A,-0.000173919852367993
15,24244624,T,C,-0.000175282787367993
15,24245730,G,A,-0.000175106187367993
15,24246967,G,A,-0.000175234087367993
15,24247002,A,G,-0.000171222287367993
15,24247312,T,G,-0.000175401987367993
15,24248185,T,C,-0.000173953197067993
15,24249075,C,T,-0.000173831047367993
15,24249141,C,T,-0.000174622777367993
15,24250845,C,T,-0.000173611157367993
15,24251152,G,A,-0.000173589387367993
15,24257659,C,T,-0.000174178497367993
15,24260060,G,A,-0.000173202097367993
15,24262388,A,G,-0.000133462387367993
15,24262767,A,G,-0.000178587187367993
15,24267426,C,A,-0.000170858587367993
15,24274570,C,T,-0.000171031487367993
15,24278595,G,A,-0.000170322787367993
15,24280211,G,T,-0.000175583587367993
15,24286246,T,C,-0.000157486387367993
15,24287112,A,G,-0.000188751387367993
15,24288324,T,C,-0.000173250937367993
15,24296572,A,C,-0.000166069487367993
15,24297094,G,A,-0.000177299787367993
15,24304718,C,A,-0.000161202387367993
15,24308586,T,C,-0.000177125387367993
15,24310262,T,C,-0.000166824487367993
15,24314675,T,C,-0.000171808287367993
15,24315868,A,G,-0.000171854487367993
15,24317333,A,G,-0.000172926887367993
15,24321749,A,G,-0.000172593787367993
15,24321840,A,G,-0.000177776387367993
15,24322045,T,C,-0.000182768787367993
15,24322419,C,T,-0.000171789487367993
15,24326370,A,G,-0.000328496387367993
15,24326565,A,G,-0.000328966387367993
15,24326612,G,A,-0.000171978787367993
15,24326784,T,C,-0.000173250357367993
15,24326977,A,G,-0.000173951964667993
15,24327659,C,T,-0.000170664187367993
15,24328408,C,T,-0.000173248207367993
15,24329476,A,G,-0.000305476387367993
15,24329718,A,C,-0.000170647187367993
15,24330452,A,G,-0.000364706387367993
15,24331710,T,C,-0.000170572987367993
15,24339416,T,C,-0.000173341967367993
15,24346226,A,G,-0.000172884187367993
15,24354430,A,G,-0.000169282087367993
15,24357212,G,T,-0.000173750737367993
15,24361775,G,T,-0.000178742887367993
15,24363832,A,G,-0.000169361387367993
15,24369643,T,C,-0.000173433717367993
15,24370395,T,G,-0.000174633997367993
15,24374845,C,A,-0.000173523957367993
15,24376622,C,T,-0.000173969883367993
15,24381205,T,G,-0.000174433667367993
15,24381883,C,T,-0.000175137887367993
15,24385350,T,G,-0.000291226387367993
15,24386623,A,C,-0.000173292777367993
15,24397562,C,T,-0.000324916387367993
15,24408201,T,G,-0.000172333287367993
15,24408366,A,C,-0.000172339187367993
15,24416547,C,T,-0.000172874887367993
15,24421323,C,T,-0.000173463107367993
15,24424412,C,T,-0.000177109987367993
15,24428298,C,T,-0.000172768187367993
15,24431007,A,G,-0.000171773187367993
15,24433442,C,T,-0.000172048487367993
15,24433585,A,G,-0.000173264167367993
15,24433948,A,G,-0.000173932829367993
15,24438875,A,G,-0.000172246687367993
15,24445498,T,G,-0.000174553917367993
15,24447375,A,G,-0.000168950987367993
15,24457587,T,C,-0.000173485777367993
15,24460826,T,C,-0.000174159927367993
15,24461718,T,G,-0.000174362217367993
15,24461946,G,A,-0.000360606387367993
15,24463054,G,A,-0.000176032187367993
15,24464101,C,T,-0.000174286567367993
15,24468460,A,G,-0.000157304387367993
15,24468607,C,T,-0.000157697387367993
15,24468729,T,C,-0.000157432387367993
15,24470811,T,C,-0.000179448987367993
15,24471102,G,A,-0.000168727687367993
15,24471145,G,A,-0.000167438587367993
15,24472002,A,G,-0.000168768587367993
15,24480615,A,G,-0.000168693287367993
15,24485160,A,G,-0.000168723787367993
15,24516344,C,T,-0.000182170187367993
15,24519782,A,G,-0.000182279587367993
15,24525505,G,A,-0.000174559497367993
15,24526247,A,G,-0.000168932887367993
15,24530736,A,G,-0.000170824887367993
15,24547421,C,A,-0.000175710387367993
15,24557041,C,A,-0.000174425867367993
15,24562963,C,T,-0.000175043787367993
15,24566525,G,A,-0.000167087987367993
15,24574352,T,C,-0.000169158287367993
15,24604902,C,T,-0.000169707187367993
15,24611984,T,G,-0.000169742587367993
15,24619900,C,A,-0.000169699987367993
15,24621501,C,A,-0.000169999087367993
15,24625502,C,T,-0.000170898487367993
15,24643123,C,T,-0.000171514687367993
15,24649251,A,G,-0.000162165387367993
15,24649604,T,C,-0.000178459087367993
15,24651811,T,G,-0.000179185987367993
15,24659797,A,C,-0.000159645387367993
15,24667297,G,A,-0.000163042387367993
15,24732996,A,G,-0.000175147887367993
15,24737711,A,G,-0.000169337487367993
15,24742652,T,C,-0.000173398407367993
15,24753923,A,G,-0.000150166387367993
15,24763025,G,T,-0.000168407487367993
15,24780449,G,A,-0.000169357487367993
15,24785200,A,G,-0.000171510987367993
15,24788341,C,T,-0.000171592087367993
15,24796034,G,A,-0.000171604387367993
15,24801204,A,G,-0.000174707927367993
15,24801722,C,T,-0.000171507387367993
15,24801795,T,G,-0.000161977387367993
15,24814582,G,A,-0.000171276587367993
15,24817139,A,G,-0.000171547787367993
15,24818497,G,T,-0.000175969087367993
15,24824188,A,G,-0.000170896287367993
15,24832671,T,C,-0.000175058787367993
15,24834120,A,C,-0.000153272387367993
15,24837833,A,G,-0.000153689387367993
15,24838255,A,G,-0.000172246487367993
15,24838459,T,G,-0.000162073387367993
15,24838885,A,G,-0.000172424387367993
15,24839870,T,C,-0.000174620507367993
15,24842458,A,G,-0.000129600387367993
15,24842740,G,T,-0.000177294687367993
15,24849059,G,T,-0.000173807327367993
15,24850305,T,C,-0.000177900987367993
15,24850702,G,A,-6.9486387367993e-05
15,24852590,A,G,4.37361263200698e-06
15,24853607,T,C,-0.000184166387367993
15,24855158,T,C,-0.000185858387367993
15,24855702,C,T,-0.000183888687367993
15,24858952,C,T,-0.000182313087367993
15,24859534,G,A,-0.000182978987367993
15,24859710,G,A,-5.5956387367993e-05
15,24860204,G,A,-0.000182733887367993
15,24860270,T,C,-0.000184862387367993
15,24862280,A,G,-0.000182466987367993
15,24866746,A,G,-0.000183536687367993
15,24870925,T,C,-0.000183732287367993
15,24877779,A,G,-0.000174719527367993
15,24886177,A,G,-0.000133255387367993
15,24886880,T,C,-0.000183922187367993
15,24889850,C,T,-0.000186923387367993
15,24893088,G,A,-0.000186511387367993
15,24895389,T,C,-8.2754387367993e-05
15,24897038,A,C,-8.8155387367993e-05
15,24905385,A,C,-0.000181690887367993
15,24905646,A,G,-0.000176836387367993
15,24905780,G,A,-0.000176723687367993
15,24908056,G,A,-0.000181057087367993
15,24909327,C,T,-0.000183326987367993
15,24912194,G,A,-0.000183803187367993
15,24915898,G,A,-0.000169401687367993
15,24917081,G,A,-0.000151052387367993
15,24919452,G,A,-0.000153554387367993
15,24919550,T,G,-0.000177011787367993
15,24921649,C,T,-0.000164853287367993
15,24924729,C,T,-0.000170422287367993
15,24927773,T,C,-0.000157871387367993
15,24929290,C,T,-0.000173434827367993
15,24930378,C,T,-0.000173085317367993
15,24936558,G,A,-0.000162129387367993
15,24939990,G,A,-0.000162768387367993
15,24943328,A,G,-0.000172976767367993
15,24944608,G,A,-0.000190981387367993
15,24945814,G,T,-0.000170454787367993
15,24958255,G,T,-0.000167996387367993
15,24963375,T,G,-0.000171644887367993
15,24964597,A,G,-0.000165484787367993
15,24969336,A,G,-0.000167110087367993
15,24969514,C,T,-0.000169749687367993
15,24970470,A,G,-0.000163929387367993
15,24972731,C,T,-0.000172715387367993
15,24973115,T,C,-0.000173003687367993
15,24973299,T,C,-0.000172537587367993
15,24979540,G,A,-0.000169522287367993
15,24980273,G,A,-0.000168832687367993
15,24981216,C,A,-0.000172162587367993
15,24986513,C,A,-0.000152475387367993
15,24990187,T,C,-0.000147358387367993
15,24991944,A,G,-0.000147691387367993
15,24992340,A,G,-0.000176918987367993
15,24992388,A,G,-0.000176732687367993
15,24996235,T,C,-0.000176901987367993
15,24998235,G,A,-0.000144591387367993
15,24999291,A,G,-0.000157582387367993
15,25001031,T,C,-0.000163869387367993
15,25003041,G,A,-0.000177191187367993
15,25010070,A,C,-0.000177389087367993
15,25016528,G,T,-0.000175499587367993
15,25021204,T,G,-0.000176548887367993
15,25022947,G,A,-0.000177755087367993
15,25026857,T,C,-0.000176220887367993
15,25030374,C,T,-0.000178255787367993
15,25031018,C,T,-0.000147665387367993
15,25032267,A,G,-0.000149121387367993
15,25032777,T,C,-0.000162631387367993
15,25033046,C,A,-0.000146109387367993
15,25033395,T,C,-0.000155202387367993
15,25035515,G,T,-0.000176611187367993
15,25036455,G,A,-0.000173268387367993
15,25037506,T,G,-0.000177429587367993
15,25038211,T,C,-0.000173749807367993
15,25038453,A,G,-0.000172885187367993
15,25038492,A,C,-0.000172968547367993
15,25040328,A,G,-0.000177803587367993
15,25043747,C,T,-0.000175720487367993
15,25044410,C,T,-0.000176615787367993
15,25046976,T,C,-0.000141260387367993
15,25055083,C,T,-0.000143409387367993
15,25055278,C,T,-0.000173629467367993
15,25055302,T,C,-0.000144077387367993
15,25056192,G,A,-0.000134903387367993
15,25056989,A,G,-0.000140860387367993
15,25057315,G,T,-0.000173621787367993
15,25058041,C,T,-0.000176331887367993
15,25061261,C,T,-0.000161037387367993
15,25061795,A,G,-0.000175482887367993
15,25063397,A,G,-0.000163991687367993
15,25064327,G,A,-0.000181515887367993
15,25064411,T,C,-0.000171218287367993
15,25064483,C,T,-0.000161042387367993
15,25064771,T,C,-0.000177250087367993
15,25066360,G,A,-0.000184384387367993
15,25068095,A,C,-0.000177802387367993
15,25068609,G,A,-0.000171382887367993
15,25069555,G,T,-0.000177908587367993
15,25070770,C,T,-0.000166249687367993
15,25070847,T,C,-0.000175095287367993
15,25071780,G,A,-0.000177762387367993
15,25071966,C,T,-0.000181574187367993
15,25077944,T,C,-0.000180386587367993
15,25078589,G,A,-0.000179452087367993
15,25078742,C,T,-0.000179669587367993
15,25078787,A,G,-0.000177447787367993
15,25088215,T,C,-0.000163681387367993
15,25092266,C,T,-0.000173622047367993
15,25093709,C,T,-0.000169473587367993
15,25095101,G,A,-0.000174580287367993
15,25095887,T,C,-0.000182010287367993
15,25097227,A,G,-0.000172043787367993
15,25101838,G,A,-0.000174190877367993
15,25102073,T,C,-0.000172872487367993
15,25102392,T,C,-0.000172903187367993
15,25103226,A,C,-0.000184660387367993
15,25105646,C,A,-0.000175508287367993
15,25106750,G,A,-0.000175333587367993
15,25107083,G,A,-0.000174944567367993
15,25107222,T,C,-0.000173707767367993
15,25108838,T,C,-0.000183576287367993
15,25111051,A,G,-0.000175168287367993
15,25111124,T,C,-0.000174636607367993
15,25114867,A,C,-0.000175117487367993
15,25115126,T,C,-0.000175948287367993
15,25119954,C,T,-0.000175426887367993
15,25120704,A,G,-0.000173601177367993
15,25123142,C,T,-0.000179093387367993
15,25124269,C,T,-0.000174128647367993
15,25124918,T,C,-0.000173483687367993
15,25126013,T,C,-0.000173144607367993
15,25126836,C,T,-0.000200061387367993
15,25127067,T,C,-0.000173448737367993
15,25127120,G,A,-0.000173833777367993
15,25128338,T,G,-0.000174634797367993
15,25129729,G,A,-0.000291726387367993
15,25129974,G,T,-0.000175210587367993
15,25130752,T,C,-0.000173163607367993
15,25131610,T,C,-0.000173406237367993
15,25133003,A,G,-0.000175605587367993
15,25133986,G,A,-0.000171886387367993
15,25137068,A,G,-0.000170205887367993
15,25139203,A,C,-0.000171240887367993
15,25140207,T,G,-0.000172020687367993
15,25140684,G,A,-0.000172840487367993
15,25141075,T,G,-0.000174488197367993
15,25141370,G,A,-0.000169313287367993
15,25141925,C,T,-0.000173188847367993
15,25144362,T,C,-0.000178769587367993
15,25145127,A,G,-0.000171840087367993
15,25145346,T,C,-0.000174084537367993
15,25147305,G,A,-0.000159966387367993
15,25151087,A,G,-0.000177112987367993
15,25151839,T,C,-0.000175511187367993
15,25152135,T,G,-0.000176315187367993
15,25153809,T,C,-0.000201292387367993
15,25157858,C,T,-0.000171790787367993
15,25162535,G,A,-0.000176628687367993
15,25165289,G,A,-0.000163244387367993
15,25165776,G,A,-0.000175840087367993
15,25166455,T,C,-0.000164782087367993
15,25166980,G,A,-0.000170783887367993
15,25167844,G,A,-0.000175748887367993
15,25169133,C,T,-0.000172044787367993
15,25169444,G,A,-0.000173620367367993
15,25169683,A,C,-0.000173470457367993
15,25170170,G,A,-0.000145963387367993
15,25170718,C,T,-0.000361556387367993
15,25172192,T,C,-0.000181674587367993
15,25174629,T,C,-0.000175911587367993
15,25176517,A,G,-0.000173939987367993
15,25184117,A,G,-0.000175254687367993
15,25188893,G,A,-0.000176653087367993
15,25189428,A,C,-0.000175017887367993
15,25194482,T,C,-0.000172854787367993
15,25199768,C,T,-0.000170093787367993
15,25200303,A,G,-0.000182306687367993
15,25201579,T,C,-0.000170577887367993
15,25203374,A,G,-0.000181508487367993
15,25211613,C,T,-0.000172401387367993
15,25211810,T,G,-0.000172438787367993
15,25216488,A,C,-0.000172543587367993
15,25217611,A,G,-0.000174769157367993
15,25219195,T,G,-0.000193603387367993
15,25219512,C,T,-0.000174809337367993
15,25222304,A,C,-0.000195863387367993
15,25224341,T,G,-0.000179446887367993
15,25235716,A,G,-0.000171404487367993
15,25241791,T,C,-0.000178308987367993
15,25242936,T,G,-0.000174559207367993
15,25243304,G,A,-0.000232552387367993
15,25244140,T,G,-0.000238849387367993
15,25245502,A,G,-0.000236346387367993
15,25246444,T,C,-0.000173920410367993
15,25254957,G,A,-0.000175263787367993
15,25260525,A,G,-0.000172092587367993
15,25261833,C,T,-0.000173580737367993
15,25270430,A,G,-0.000171440387367993
15,25270440,T,G,-0.000231173387367993
15,25270469,A,G,-0.000227791387367993
15,25273478,A,G,-0.000245210387367993
15,25275766,C,T,-0.000178038087367993
15,25277788,G,A,-0.000172060687367993
15,25279862,T,C,-0.000236602387367993
15,25281586,T,G,-0.000175361287367993
15,25287728,G,A,-0.000232860387367993
15,25288485,C,T,-0.000175311487367993
15,25295837,A,G,-0.000210868387367993
15,25296140,C,T,-0.000233687387367993
15,25299259,C,T,-0.000231115387367993
15,25303338,C,T,-0.000230722387367993
15,25304877,A,C,-0.000183974387367993
15,25306646,A,G,-0.000170875787367993
15,25307882,G,A,-0.000174417997367993
15,25308089,T,C,-0.000183019887367993
15,25310440,A,G,-0.000180172387367993
15,25316947,G,A,-0.000199423387367993
15,25321029,C,T,-0.000173034267367993
15,25321946,G,A,-0.000210878387367993
15,25323964,G,T,-0.000174534907367993
15,25324141,C,T,-0.000170236987367993
15,25324211,G,A,-0.000217602387367993
15,25326173,T,C,-0.000171706887367993
15,25326178,A,G,-0.000183108787367993
15,25326695,G,A,-0.000224825387367993
15,25328715,T,C,-0.000173106797367993
15,25329547,A,G,-0.000215501387367993
15,25331540,T,G,-0.000186304387367993
15,25332118,C,T,-0.000173212937367993
15,25332200,T,C,-0.000174474117367993
15,25332718,T,C,-0.000181423787367993
15,25333590,A,G,-0.000156279387367993
15,25334086,T,C,-0.000172559187367993
15,25339337,A,C,-0.000177885287367993
15,25345695,G,A,-0.000152927387367993
15,25350127,A,C,-0.000170615687367993
15,25350474,A,G,-0.000171077087367993
15,25351026,A,G,-0.000170696287367993
15,25352341,A,G,-0.000170769187367993
15,25355468,C,T,-0.000194845387367993
15,25358459,G,A,-0.000309036387367993
15,25362564,G,A,-0.000183894687367993
15,25364795,T,C,-0.000171686287367993
15,25365030,C,A,-0.000178069687367993
15,25367931,A,G,-0.000172979607367993
15,25375031,G,A,-0.000175761087367993
15,25378612,A,G,-0.000176752087367993
15,25380527,G,T,-0.000178596587367993
15,25380656,G,T,-0.000176178087367993
15,25382741,A,G,-0.000176625387367993
15,25385630,A,G,-0.000174016118367993
15,25385657,G,A,-0.000169995187367993
15,25386427,G,T,-0.000169892787367993
15,25388267,T,C,-0.000174476147367993
15,25391924,A,G,-0.000164698387367993
15,25398344,G,A,-0.000231968387367993
15,25406655,A,G,-0.000171977487367993
15,25413558,G,A,-0.000169901487367993
15,25414437,A,G,-0.000185233387367993
15,25415027,C,T,-0.000168879287367993
15,25416057,G,T,-0.000143066387367993
15,25416714,T,G,-0.000162176387367993
15,25418770,G,A,-0.000168267287367993
15,25427877,G,A,-0.000137625387367993
15,25429108,G,A,-0.000164151387367993
15,25432842,A,C,-0.000163466387367993
15,25433912,G,A,-0.000113439387367993
15,25434275,T,G,-0.000178664087367993
15,25434372,G,A,-0.000161484387367993
15,25436068,G,T,-0.000160079387367993
15,25436179,T,C,-0.000184894387367993
15,25440363,A,C,-0.000152493387367993
15,25442398,C,T,-5.7146387367993e-05
15,25443773,C,T,-0.000184264387367993
15,25443835,A,G,-0.000152765387367993
15,25449737,A,G,-1.6326387367993e-05
15,25450777,A,G,-3.4086387367993e-05
15,25452712,C,A,-9.5958387367993e-05
15,25453014,T,C,-0.000182465287367993
15,25453054,A,G,-0.000177868987367993
15,25453744,C,T,-9.6511387367993e-05
15,25455819,G,A,-8.0757387367993e-05
15,25460966,C,T,-8.9238387367993e-05
15,25465999,A,G,-0.000201627387367993
15,25471157,A,G,-0.000181983987367993
15,25480960,A,G,-0.00209765638736799
15,25482023,A,G,-0.000190438387367993
15,25489376,T,C,-0.000173554407367993
15,25491630,A,G,-0.000119296387367993
15,25494107,A,G,-0.000152468387367993
15,25494501,G,A,-0.000137464387367993
15,25495102,A,G,-0.000150832387367993
15,25497290,A,G,-0.000152740387367993
15,25509756,G,A,-0.000139855387367993
15,25522822,C,T,-0.000143034387367993
15,25523705,T,C,-0.000170347387367993
15,25526256,G,A,-0.000156853387367993
15,25526381,G,T,-0.000147981387367993
15,25527480,G,A,-0.000172011887367993
15,25527526,G,A,-0.000170169787367993
15,25528161,C,T,-0.000158881387367993
15,25533118,G,A,-0.000171201887367993
15,25533425,G,A,-0.000170939887367993
15,25534514,A,G,-0.000172098987367993
15,25540809,G,A,-0.000170955187367993
15,25547729,A,C,-0.000170960687367993
15,25551253,T,C,-0.000175934287367993
15,25563528,G,A,-0.000164710287367993
15,25571640,T,C,-0.000167750587367993
15,25572604,T,C,-0.000171784087367993
15,25572822,C,T,-0.000175950587367993
15,25575095,T,C,-0.000171173887367993
15,25575671,C,T,-0.000175980887367993
15,25576903,T,G,-0.000169954587367993
15,25581213,C,T,-0.000169807087367993
15,25587991,G,T,-0.000165720387367993
15,25588362,T,C,-0.000169296987367993
15,25588484,A,C,-0.000169331687367993
15,25595812,T,C,-0.000164951287367993
15,25599037,A,G,-0.000169491687367993
15,25600322,G,A,-0.000167955687367993
15,25606727,T,G,-0.000173300967367993
15,25607836,C,T,-0.000169548987367993
15,25612604,A,G,-0.000169751687367993
15,25617979,T,C,-0.000167827787367993
15,25622396,T,C,-0.000172178087367993
15,25625654,A,C,-0.000168103987367993
15,25632888,G,A,-0.000169993687367993
15,25635456,A,G,-0.000170396587367993
15,25635683,A,G,-0.000170067087367993
15,25652326,G,T,-0.000183792887367993
15,25654749,C,T,-0.000168008887367993
15,25667760,A,C,-0.000177421487367993
15,25674270,A,G,-0.000170154887367993
15,25675600,G,A,-0.000150689387367993
15,25678094,C,T,-0.000170598687367993
15,25680561,T,C,-0.000169196887367993
15,25685466,A,C,-0.000168531287367993
15,25692616,T,C,-0.000172004987367993
15,25695039,T,C,-0.000171927687367993
15,25696179,C,A,-0.000165303487367993
15,25696530,T,G,-0.000168934287367993
15,25697620,T,C,-0.000171773387367993
15,25698386,A,C,-0.000172087287367993
15,25699825,G,A,-0.000179849387367993
15,25702235,C,T,-0.000172751787367993
15,25703049,A,C,-0.000181275787367993
15,25703237,T,C,-0.000171930387367993
15,25703563,G,A,-0.000172921887367993
15,25706395,T,C,-0.000171710487367993
15,25706953,A,G,-0.000165791587367993
15,25708779,C,T,-0.000177677787367993
15,25709733,A,G,-0.000167503587367993
15,25711127,T,C,-0.000170810187367993
15,25711846,G,A,-0.000180483887367993
15,25712583,A,G,-0.000180163987367993
15,25713982,T,C,-0.000170643187367993
15,25715676,C,A,-0.000180018487367993
15,25715943,G,A,-0.000171770387367993
15,25718875,T,C,-0.000178132787367993
15,25719024,T,C,-0.000170770987367993
15,25719127,C,T,-0.000175074187367993
15,25720142,T,C,-0.000170248787367993
15,25721212,G,A,-0.000174262927367993
15,25722618,T,C,-0.000180683887367993
15,25724366,A,G,-0.000168564887367993
15,25728835,C,T,-0.000173005977367993
15,25732547,G,A,-0.000170191087367993
15,25732610,C,T,-0.000174840137367993
15,25738394,G,A,-0.000175207487367993
15,25740063,G,A,-0.000172414887367993
15,25742755,T,C,-0.000168307287367993
15,25743417,A,G,-0.000175116487367993
15,25744443,C,T,-0.000171113887367993
15,25744981,T,C,-0.000172707587367993
15,25747008,G,A,-0.000171039087367993
15,25747577,T,G,-0.000172659987367993
15,25747975,T,C,-0.000173034867367993
15,25750941,G,A,-0.000174191247367993
15,25753481,A,G,-0.000178789387367993
15,25754236,A,C,-0.000175878987367993
15,25755522,T,C,-0.000182926787367993
15,25760218,A,G,-0.000180072987367993
15,25760784,C,T,-0.000174710347367993
15,25761034,T,C,-0.000178349287367993
15,25761725,T,C,-0.000174674337367993
15,25764385,C,T,-0.000175697787367993
15,25765044,T,C,-0.000173473817367993
15,25767236,A,G,-0.000176913387367993
15,25771369,A,G,-0.000179068087367993
15,25774277,A,G,-0.000177514887367993
15,25774319,A,C,-0.000202729387367993
15,25775992,G,T,-0.000178612187367993
15,25776863,G,A,-0.000176636687367993
15,25776975,A,G,-0.000178653687367993
15,25779810,A,G,-0.000177041787367993
15,25780306,T,C,-0.000177791687367993
15,25781675,C,T,-0.000175786487367993
15,25781923,A,G,-0.000176134487367993
15,25782266,A,G,-0.000172897787367993
15,25787619,A,C,-0.000174785647367993
15,25787858,G,T,-0.000177079087367993
15,25789929,C,T,-0.000164889487367993
15,25791265,A,G,-0.000175552187367993
15,25793489,G,A,-0.000179020887367993
15,25793639,A,G,-0.000162530387367993
15,25798620,G,A,-0.000176128387367993
15,25801952,C,A,-0.000210220387367993
15,25802742,A,C,-0.000230083387367993
15,25803514,A,G,-0.000165032387367993
15,25803609,T,C,-0.000171554287367993
15,25804489,A,G,-0.000185846387367993
15,25808244,G,A,-0.000164000787367993
15,25809015,C,A,-0.000132971387367993
15,25809781,A,G,-0.000168107987367993
15,25810450,G,A,-0.000171994087367993
15,25810619,G,A,-0.000171510487367993
15,25811760,A,G,-0.000176151387367993
15,25811788,T,C,-0.000175916087367993
15,25812983,A,G,-0.000171819087367993
15,25813016,T,C,-0.000171841887367993
15,25813952,G,A,-0.000160337387367993
15,25814451,A,G,-0.000172433887367993
15,25815255,T,G,-0.000173355847367993
15,25815291,A,C,-0.000172949887367993
15,25818586,C,T,-0.000268952387367993
15,25818880,T,C,-0.000173907098367993
15,25823364,T,C,-0.000194137387367993
15,25823447,A,G,-0.000149129387367993
15,25824947,A,G,-0.000171814287367993
15,25825615,C,A,-0.000150594387367993
15,25825753,C,A,-0.000193525387367993
15,25828705,T,C,-0.000171837287367993
15,25829174,C,A,-0.000173150187367993
15,25829495,G,A,-0.000173286637367993
15,25835976,G,T,-0.000171684887367993
15,25837157,C,T,-0.000172999587367993
15,25838550,C,T,-0.000199317387367993
15,25840403,T,C,-0.000164057287367993
15,25840530,G,T,-0.000164425187367993
15,25841236,T,G,-0.000227348387367993
15,25841802,G,A,-0.000169618687367993
15,25842319,T,C,-0.000169391587367993
15,25843032,G,A,-0.000162888387367993
15,25844124,C,T,-0.000164948087367993
15,25844480,C,T,-0.000208383387367993
15,25844829,A,G,-0.000168704187367993
15,25848302,G,A,-0.000175103287367993
15,25849109,T,C,-0.000178577987367993
15,25851096,T,C,-0.000169605787367993
15,25852143,T,C,-0.000170100787367993
15,25852393,G,A,-0.000171901887367993
15,25853563,G,A,-0.000171311687367993
15,25854091,A,G,-0.000169787687367993
15,25854670,G,A,-0.000171330587367993
15,25857857,C,T,-0.000170240587367993
15,25859062,G,A,-0.000168338087367993
15,25859202,A,C,-0.000169333887367993
15,25859609,G,T,-0.000169583387367993
15,25859669,T,C,-0.000170949987367993
15,25861111,G,A,-0.000170912087367993
15,25864062,T,G,-0.000171614987367993
15,25867489,T,C,-0.000169634787367993
15,25868210,C,T,-0.000174080507367993
15,25869640,A,G,-0.000174692267367993
15,25869722,C,T,-0.000174891327367993
15,25869972,G,A,-0.000174878037367993
15,25870168,T,C,-0.000174510247367993
15,25871667,A,G,-0.000170291287367993
15,25873009,T,C,-0.000174613917367993
15,25873409,A,G,-0.000169833187367993
15,25875261,T,C,-0.000172362287367993
15,25875398,C,T,-0.000167474087367993
15,25876004,C,A,-0.000174528437367993
15,25876357,A,C,-0.000188571387367993
15,25877721,A,G,-0.000172078287367993
15,25877815,T,G,-0.000174401417367993
15,25878476,T,C,-0.000174967487367993
15,25879721,G,A,-0.000163509387367993
15,25881038,C,T,-0.000172117987367993
15,25887581,A,G,-0.000169928087367993
15,25889327,T,C,-0.000173193217367993
15,25889682,C,A,-0.000173690177367993
15,25892205,A,G,-0.000171958787367993
15,25894658,T,C,-0.000171820187367993
15,25901268,T,C,-0.000175222287367993
15,25905150,A,G,-0.000166511587367993
15,25906219,A,C,-0.000171148887367993
15,25907528,C,T,-0.000171401987367993
15,25907690,T,C,-0.000174001392367993
15,25911292,G,A,-0.000170868087367993
15,25912339,C,T,-0.000174709347367993
15,25913054,A,G,-0.000181490087367993
15,25915802,T,G,-0.000162009387367993
15,25916014,T,G,-0.000173262887367993
15,25916276,G,A,-0.000173436027367993
15,25916487,T,G,-0.000171074587367993
15,25917481,T,C,-0.000177965887367993
15,25917966,G,A,-0.000177751187367993
15,25918113,C,T,-0.000178028787367993
15,25920441,G,A,-0.000175022287367993
15,25920676,C,T,-0.000173616977367993
15,25921305,T,G,-0.000189946387367993
15,25922331,C,T,-0.000172551387367993
15,25922653,A,G,-0.000167034387367993
15,25923218,C,T,-0.000173741027367993
15,25923487,C,T,-0.000172124287367993
15,25923547,G,A,-0.000178020387367993
15,25923712,A,G,-0.000174569337367993
15,25924539,C,T,-0.000172448487367993
15,25925195,T,C,-0.000172901287367993
15,25925675,A,G,-0.000172982507367993
15,25926179,T,C,-0.000171733187367993
15,25927347,T,G,-0.000176093787367993
15,25927393,C,T,-0.000175311087367993
15,25930303,C,T,-0.000172748987367993
15,25930573,A,G,-0.000172733887367993
15,25930921,G,T,-0.000173722017367993
15,25931015,G,A,-0.000175410887367993
15,25931265,T,C,-0.000172687187367993
15,25932990,T,G,-0.000165369387367993
15,25933094,T,C,-0.000175763687367993
15,25935159,C,T,-0.000176115387367993
15,25936551,C,T,-0.000171225687367993
15,25937004,C,T,-0.000172473387367993
15,25937033,G,T,-0.000174307517367993
15,25937282,G,A,-0.000172205287367993
15,25944171,T,C,-0.000173861198367993
15,25944480,T,C,-0.000176854087367993
15,25944495,A,G,-0.000177222187367993
15,25945675,T,C,-0.000177274187367993
15,25946584,C,T,-0.000173737787367993
15,25946781,G,T,-0.000173717697367993
15,25952889,A,G,-0.000174525457367993
15,25953068,A,G,-0.000173118757367993
15,25953198,T,C,-0.000178504487367993
15,25953442,T,C,-0.000176923087367993
15,25954518,A,C,-0.000177138987367993
15,25955806,C,T,-0.000171632887367993
15,25956104,T,C,-0.000173974801367993
15,25956359,T,C,-0.000179876587367993
15,25957370,G,A,-0.000172528887367993
15,25957736,G,T,-0.000173863832367993
15,25957872,T,C,-0.000173600177367993
15,25958797,A,G,-0.000173607197367993
15,25960346,C,T,-0.000176472187367993
15,25960629,T,C,-0.000176924987367993
15,25962058,A,G,-0.000178234587367993
15,25962873,A,G,-0.000178644087367993
15,25963632,T,C,-0.000173957003547993
15,25963803,G,A,-0.000176188987367993
15,25963867,T,G,-0.000175744587367993
15,25964045,C,T,-0.000173615137367993
15,25965221,T,C,-0.000176938687367993
15,25966038,C,A,7.1573612632007e-05
15,25966520,T,C,-0.000170221887367993
15,25967697,G,A,-0.000172283787367993
15,25967879,C,T,-0.000172485887367993
15,25968061,G,A,-0.000175375487367993
15,25968140,G,A,-0.000172309387367993
15,25969090,T,G,-0.000172508287367993
15,25972759,C,T,-0.000148631387367993
15,25973151,G,A,-0.000176877087367993
15,25979411,C,T,-0.000169892787367993
15,25979523,T,C,-0.000175372987367993
15,25980875,C,T,-0.000168115887367993
15,25981190,A,G,-0.000167846787367993
15,25983929,G,T,-0.000170755487367993
15,25984155,A,G,-0.000171027487367993
15,25985961,C,T,-0.000172119187367993
15,25986565,T,C,-0.000177915487367993
15,25988215,T,C,-0.000172045887367993
15,25988956,G,A,-0.000172090187367993
15,25989260,A,G,-0.000173891800367993
15,25989421,G,A,-0.000172057387367993
15,25989457,G,A,-0.000172049787367993
15,25989776,T,C,-0.000172133887367993
15,25996463,C,T,-0.000172280087367993
15,25998828,T,G,-0.000173161687367993
15,25999606,G,A,-0.000170205287367993
15,25999683,C,T,-0.000170082787367993
15,26000551,A,G,-0.000172584387367993
15,26006260,G,A,-0.000170157287367993
15,26009240,T,C,-0.000168458887367993
15,26009371,A,G,-0.000173116047367993
15,26009920,T,C,-0.000175841287367993
15,26010873,C,A,-0.000175867787367993
15,26010946,T,C,-0.000168139687367993
15,26013299,T,C,-0.000168659987367993
15,26015280,A,G,-0.000197662387367993
15,26017504,C,T,-0.000162999387367993
15,26017543,T,C,-0.000159686387367993
15,26018232,C,T,-0.000169432887367993
15,26019039,A,G,-0.000208461387367993
15,26025991,A,G,-0.000184025387367993
15,26026139,A,G,-0.000165125987367993
15,26027888,C,T,-0.000177073887367993
15,26028702,T,C,-0.000175776987367993
15,26029193,C,T,-0.000175567987367993
15,26030108,T,C,-0.000261120387367993
15,26030485,A,G,-0.000170044187367993
15,26032950,T,C,-0.000175028987367993
15,26033764,A,C,-0.000176035287367993
15,26035081,A,G,-0.000177886387367993
15,26035417,A,G,-0.000173808227367993
15,26035610,C,T,-0.000170424487367993
15,26035811,T,C,-0.000178034587367993
15,26036205,C,T,-0.000175656787367993
15,26037075,C,T,-0.000216227387367993
15,26037199,C,T,-0.000170784787367993
15,26037411,T,C,-0.000177447387367993
15,26037885,G,A,-0.000187188387367993
15,26038355,A,G,-0.000175710687367993
15,26038506,G,A,-0.000185174387367993
15,26040070,A,G,-0.000229375387367993
15,26040267,C,T,-0.000174897037367993
15,26041581,C,T,-0.000177834787367993
15,26042126,C,T,-0.000174220137367993
15,26043341,T,G,-0.000177130087367993
15,26045392,A,G,-0.000187514387367993
15,26048035,A,G,-0.000179624287367993
15,26048579,G,A,-0.000194417387367993
15,26049057,G,A,-0.000195613387367993
15,26049161,T,C,-0.000183112487367993
15,26049331,G,A,-0.000193260387367993
15,26049694,C,T,-0.000193778387367993
15,26050749,T,C,-0.000169441587367993
15,26053072,T,C,-0.000171827887367993
15,26053438,G,A,-0.000182061487367993
15,26054222,T,C,-0.000177956487367993
15,26054925,C,T,-0.000178196687367993
15,26055133,A,G,-0.000178220587367993
15,26057622,G,T,-0.000185424387367993
15,26059687,A,C,-0.000171410887367993
15,26060060,T,C,-0.000171508387367993
15,26060800,T,C,-0.000170134587367993
15,26061651,T,C,-0.000170661787367993
15,26063034,A,C,-0.000223029387367993
15,26063083,C,T,-0.000222311387367993
15,26064168,T,C,-0.000239238387367993
15,26064325,A,G,-0.000159648387367993
15,26066774,G,A,-0.000213971387367993
15,26068608,T,C,-0.000249042387367993
15,26070826,G,A,-0.000242947387367993
15,26071352,A,G,-0.000229877387367993
15,26073523,T,G,-0.000163338387367993
15,26074405,A,G,-0.000204085387367993
15,26076458,C,T,-0.000173866356367993
15,26082428,C,A,-0.000180976287367993
15,26082540,T,C,-0.000233677387367993
15,26083867,C,T,-0.000226204387367993
15,26084811,A,G,-0.000217528387367993
15,26088544,A,G,-0.000173838547367993
15,26088834,G,A,-0.000206330387367993
15,26093401,C,A,-0.000193242387367993
15,26096382,A,G,-0.000178214187367993
15,26098160,G,A,-0.000188068387367993
15,26104006,A,G,-0.000176318187367993
15,26104242,T,C,-0.000175991087367993
15,26105788,A,G,-0.000182866287367993
15,26106233,G,A,-0.000177324787367993
15,26109985,C,T,-0.000179023087367993
15,26111186,C,T,-0.000205697387367993
15,26114300,C,T,-0.000189275387367993
15,26114410,G,A,-0.000192813387367993
15,26114658,C,T,-0.000178689087367993
15,26118887,A,G,-0.000164176487367993
15,26118910,A,C,-0.000179183587367993
15,26119060,T,C,-0.000176018587367993
15,26121173,A,G,-0.000247791387367993
15,26122043,A,G,-0.000165365287367993
15,26125124,C,T,-0.000192101387367993
15,26126475,G,A,-0.000176913087367993
15,26127137,G,A,-0.000156954387367993
15,26127318,G,A,-0.000156924387367993
15,26128942,T,G,-0.000155200387367993
15,26129011,T,G,-0.000154103387367993
15,26129249,A,G,-0.000208908387367993
15,26129267,C,T,-0.000158280387367993
15,26129659,C,T,-0.000174659197367993
15,26129681,C,T,-0.000175387687367993
15,26129701,C,T,-0.000173629497367993
15,26129799,C,T,-0.000173114577367993
15,26129847,A,G,-0.000180492887367993
15,26130511,A,G,-0.000165164687367993
15,26130876,T,C,-0.000172393087367993
15,26131564,G,A,-0.000180798787367993
15,26132037,A,G,-0.000179941187367993
15,26133384,G,A,-0.000173649177367993
15,26134955,G,T,-0.000177711687367993
15,26136653,G,A,-0.000167457187367993
15,26137587,G,T,-0.000168387287367993
15,26138015,A,G,-0.000172355187367993
15,26140653,T,C,-0.000182522987367993
15,26142750,A,G,-0.000182731587367993
15,26145844,A,G,-0.000179047987367993
15,26146821,C,T,-0.000178342187367993
15,26147045,T,G,-0.000173400607367993
15,26151458,C,A,-0.000176051387367993
15,26152066,C,T,-0.000174982587367993
15,26152136,C,A,-0.000174908987367993
15,26152407,A,G,-0.000174887367367993
15,26152730,T,C,-0.000176112987367993
15,26154146,T,C,-0.000164396787367993
15,26154501,T,C,-0.000167945087367993
15,26154636,C,A,-0.000168109287367993
15,26157811,C,T,-0.000168633687367993
15,26159819,T,C,-0.000126205387367993
15,26172045,T,C,-0.000167512387367993
15,26175282,C,T,-0.000174316377367993
15,26178157,T,C,-0.000175277187367993
15,26178683,A,C,-0.000175921487367993
15,26179660,T,C,-0.000172107187367993
15,26181335,T,C,-0.000175103487367993
15,26181699,A,G,-0.000175249287367993
15,26182017,T,C,-0.000174996187367993
15,26185133,C,T,-0.000176205587367993
15,26186280,C,T,-0.000177006687367993
15,26186429,G,A,-0.000167940587367993
15,26186776,T,G,-0.000130320387367993
15,26187167,A,G,-0.000203283387367993
15,26187240,G,A,-0.000172248387367993
15,26187316,T,G,-0.000294836387367993
15,26187841,G,A,-0.000170475087367993
15,26187969,C,T,-0.000130820387367993
15,26188314,C,T,-0.000171973587367993
15,26189969,A,G,-0.000159569387367993
15,26193097,A,C,-0.000172567387367993
15,26193378,C,T,-0.000171353187367993
15,26194337,T,G,0.000290263612632007
15,26195341,T,C,-0.000188788387367993
15,26195457,G,T,0.000286493612632007
15,26199418,C,T,0.000136013612632007
15,26200322,T,C,-0.000168807387367993
15,26201784,A,G,-9.9182387367993e-05
15,26203486,T,C,-0.000230436387367993
15,26203835,T,C,-0.000220432387367993
15,26206669,C,A,8.1813612632007e-05
15,26208077,A,G,0.000249303612632007
15,26208601,T,C,0.000138103612632007
15,26210432,T,G,-0.000186599387367993
15,26210510,C,T,-0.000186684387367993
15,26213376,C,T,-0.000173782527367993
15,26215714,T,C,-2.0226387367993e-05
15,26217090,G,A,-0.000172033287367993
15,26217202,T,C,-0.000172073687367993
15,26218010,A,G,-0.000172043787367993
15,26219003,T,C,-0.000172079587367993
15,26219117,T,G,-0.000183570687367993
15,26219370,G,T,-0.000172228187367993
15,26219421,C,T,-0.000172207187367993
15,26220127,T,C,-0.000215839387367993
15,26220387,G,T,-0.000156135387367993
15,26220573,C,T,-0.000177383087367993
15,26221169,C,T,-0.000169440687367993
15,26227825,T,C,-0.000167994987367993
15,26228245,G,A,-0.000166392487367993
15,26229372,C,T,-0.000166800787367993
15,26229495,A,C,-0.000165117387367993
15,26229614,C,A,-0.000166864987367993
15,26229695,A,G,-0.000177760887367993
15,26229793,T,C,-0.000163029387367993
15,26230370,G,A,-0.000166842087367993
15,26230533,G,A,-0.000166553287367993
15,26230779,C,T,-0.000172200587367993
15,26231427,G,A,-0.000154589387367993
15,26231458,T,C,-0.000178780987367993
15,26232919,A,G,-0.000180249487367993
15,26233532,C,T,-0.000181692087367993
15,26238413,G,T,-0.000174984687367993
15,26238520,T,G,-0.000185354387367993
15,26238545,A,C,-0.000188675387367993
15,26238573,G,A,-0.000170339987367993
15,26239118,G,A,-0.000183541687367993
15,26243353,G,A,-0.000175622387367993
15,26247393,A,G,-0.000178806787367993
15,26249614,G,T,-0.000165814487367993
15,26251847,C,T,-0.000178460487367993
15,26251941,T,G,-0.000174029181367993
15,26252033,T,C,-0.000165905787367993
15,26256619,A,G,-0.000174340297367993
15,26257095,C,T,-0.000177481187367993
15,26260430,G,A,-0.000160873387367993
15,26260477,T,C,-0.000172946787367993
15,26262057,T,C,-0.000172392287367993
15,26262096,C,T,-0.000170505087367993
15,26265595,G,A,-0.000164522187367993
15,26266785,G,A,-0.000170580887367993
15,26269508,A,G,-0.000172144687367993
15,26271619,C,T,-0.000174969487367993
15,26272406,T,G,-0.000176041387367993
15,26272525,C,T,-0.000173563907367993
15,26272807,C,T,-0.000171428387367993
15,26274113,T,C,-0.000174073617367993
15,26274261,G,A,-0.000174943407367993
15,26277079,A,C,-0.000174393077367993
15,26277545,A,G,-0.000174541117367993
15,26277939,T,C,-0.000173796057367993
15,26278889,T,C,-0.000174262977367993
15,26281253,C,A,-0.000172624187367993
15,26281651,G,A,-0.000172339287367993
15,26281758,T,C,-0.000173145187367993
15,26282584,G,A,-0.000176167787367993
15,26282674,T,C,-0.000172670487367993
15,26282791,G,T,-0.000172676887367993
15,26283235,A,C,-0.000171631287367993
15,26283851,A,C,-0.000172740287367993
15,26293204,T,C,-0.000174220507367993
15,26296396,A,G,-0.000174719437367993
15,26297624,C,T,-0.000170919887367993
15,26297917,A,G,-0.000175690487367993
15,26298028,T,C,-0.000177005987367993
15,26303310,G,A,-0.000167656487367993
15,26303875,T,C,-0.000177461287367993
15,26316806,A,G,-0.000170038587367993
15,26951567,T,C,-0.000167979987367993
15,26952275,A,G,-0.000167719787367993
15,26952294,T,C,-0.000168164487367993
15,26953842,C,T,-0.000173392787367993
15,26953897,G,A,-0.000172153787367993
15,26957240,A,G,-0.000174022323367993
15,26958777,A,G,-0.000180215187367993
15,26960412,C,A,-0.000179495387367993
15,26960426,A,G,-0.000181027087367993
15,26961861,C,T,-0.000174169927367993
15,26967170,G,A,-0.000176805287367993
15,26967522,T,C,-0.000174515927367993
15,26971834,T,C,-0.000180311787367993
15,26973086,C,T,-0.000183262087367993
15,26975870,G,A,-0.000175222287367993
15,26976782,T,C,-0.000176296487367993
15,26978906,C,T,-0.000182401687367993
15,26982080,A,G,-0.000177931087367993
15,26982386,C,T,-0.000180859287367993
15,26983850,A,G,-0.000185991387367993
15,26985509,A,G,-0.000175559387367993
15,26988985,T,C,-0.000185247387367993
15,26990651,G,A,-0.000180640487367993
15,26993659,G,A,-0.000172578387367993
15,26994456,C,T,-0.000177016287367993
15,26996008,T,C,-0.000176313587367993
15,26996126,A,C,-0.000175263687367993
15,26996981,T,C,-0.000175438187367993
15,26997105,G,A,-0.000174166557367993
15,26997822,C,T,-0.000183795787367993
15,27003081,T,C,-0.000178234587367993
15,27006206,A,G,-0.000173833937367993
15,27008264,C,A,-0.000178805187367993
15,27008723,C,T,-0.000178619187367993
15,27009526,T,C,-0.000175604087367993
15,27011532,A,G,-0.000176851387367993
15,27012141,T,C,-0.000175053887367993
15,27012668,T,C,-0.000176878587367993
15,27012843,C,A,-0.000176825887367993
15,27014769,C,T,-0.000176780687367993
15,27019602,T,C,-0.000177667287367993
15,27019768,G,A,-0.000177879687367993
15,27022368,C,T,-0.000178308487367993
15,27024336,T,C,-0.000172417087367993
15,27032067,A,C,-0.000172120787367993
15,27032107,A,C,-0.000173799737367993
15,27033387,A,G,-0.000175109987367993
15,27033794,T,G,-0.000174265437367993
15,27034085,A,G,-0.000172120787367993
15,27034731,C,T,-0.000172263187367993
15,27035094,T,C,-0.000175080687367993
15,27035147,G,A,-0.000175278187367993
15,27035375,G,A,-0.000174382117367993
15,27037747,A,G,-0.000178520987367993
15,27040082,T,G,-0.000174537817367993
15,27044693,A,G,-0.000172017087367993
15,27046741,T,G,-0.000163572387367993
15,27047029,C,T,-0.000173786967367993
15,27048768,G,A,-0.000181928687367993
15,27050542,G,A,-0.000171147787367993
15,27050817,T,C,-0.000176780587367993
15,27051040,T,C,-0.000172102387367993
15,27052463,T,G,-0.000173229017367993
15,27052528,C,T,-0.000216721387367993
15,27053068,G,A,-0.000174899587367993
15,27053606,G,A,-0.000174668407367993
15,27053934,T,C,-0.000176275287367993
15,27059973,A,C,-0.000185325387367993
15,27062506,C,T,-0.000178891387367993
15,27068434,T,C,-0.000176160387367993
15,27074564,C,T,-0.000172681787367993
15,27074795,C,T,-0.000169118787367993
15,27080537,G,A,-0.000176009987367993
15,27081173,T,C,-0.000174914847367993
15,27083406,C,T,-0.000174997287367993
15,27095320,G,A,-0.000176820087367993
15,27101740,G,A,-0.000175167187367993
15,27102200,G,T,-0.000177005687367993
15,27114904,T,C,-0.000166120387367993
15,27116718,G,A,-0.000173713107367993
15,27126284,T,G,-0.000183667187367993
15,27132140,C,T,-0.000171592487367993
15,27133469,A,C,-0.000184817387367993
15,27134634,A,G,-0.000169658287367993
15,27134647,A,G,-0.000169547787367993
15,27135024,G,A,-0.000169541487367993
15,27157340,A,G,-0.000175302487367993
15,27159196,T,C,-0.000170551687367993
15,27178475,T,C,-0.000163471387367993
15,27180337,A,G,-0.000178292187367993
15,27180800,G,A,-0.000129789387367993
15,27183589,T,C,-0.000119239387367993
15,27183836,A,G,-0.000192116387367993
15,27184435,T,C,-0.000189517387367993
15,27186086,G,T,-0.000190633387367993
15,27187524,T,G,-0.000184439387367993
15,27188353,C,A,-0.000185474387367993
15,27188459,T,C,-0.000188660387367993
15,27189168,G,A,-0.000183492287367993
15,27189768,A,G,-0.000210483387367993
15,27190221,C,T,-0.000181165087367993
15,27191711,G,A,-0.000185112387367993
15,27192852,C,T,-0.000176353387367993
15,27194628,C,T,-0.000177190787367993
15,27196172,A,G,-0.000177294787367993
15,27200744,C,T,-0.000186529387367993
15,27200942,G,A,-0.000176377787367993
15,27215662,T,C,-0.000178277387367993
15,27216746,T,C,-0.000168028887367993
15,27220713,A,G,-0.000153568387367993
15,27222824,G,A,-0.000172041987367993
15,27223811,C,T,-0.000229312387367993
15,27224321,G,A,-0.000191818387367993
15,27228346,G,A,-0.000237641387367993
15,27228404,G,A,-0.000232273387367993
15,27228632,T,C,-0.000236992387367993
15,27230025,A,G,-0.000178182387367993
15,27232033,A,C,-0.000177431087367993
15,27232072,A,G,-0.000177511587367993
15,27232528,T,G,-0.000176109187367993
15,27234268,T,C,-0.000176832687367993
15,27241301,A,G,-0.000178309687367993
15,27242898,C,T,-0.000603906387367993
15,27244460,C,T,-0.000483356387367993
15,27246462,G,A,-0.000175482787367993
15,27246524,A,G,-0.000171997787367993
15,27250910,G,A,-0.000186974387367993
15,27254528,G,A,-0.000183270487367993
15,27257116,G,A,-0.000174848407367993
15,27261647,A,G,-0.000174788987367993
15,27262427,G,A,-0.000155531387367993
15,27268034,C,T,-8.3918387367993e-05
15,27268691,G,A,-0.000163744387367993
15,27274715,C,A,-0.000164425087367993
15,27276619,C,T,-0.000176633787367993
15,27276804,G,A,-0.000162025387367993
15,27277045,G,T,-0.000175885287367993
15,27277235,G,T,-0.000164726987367993
15,27278539,G,A,-9.8235387367993e-05
15,27279014,A,G,-0.000164789587367993
15,27279444,T,C,-0.000174102197367993
15,27279788,C,T,-0.000177988287367993
15,27280678,A,G,-0.000248063387367993
15,27280844,T,C,-0.000175477987367993
15,27280968,A,G,-0.000208325387367993
15,27281090,T,G,-0.000178257087367993
15,27281103,T,C,-0.000157570387367993
15,27281550,C,T,-0.000181817287367993
15,27281802,A,G,-8.6782387367993e-05
15,27283234,A,G,-0.000236679387367993
15,27283767,A,G,-0.000175512687367993
15,27283967,A,G,-0.000180475087367993
15,27284081,G,A,-0.000176866487367993
15,27287765,C,A,-0.000178751287367993
15,27288730,A,C,-0.000144483387367993
15,27289884,T,C,-0.000169276287367993
15,27290231,G,A,-0.000177824887367993
15,27290638,A,G,-0.000174708207367993
15,27292753,C,T,-0.000171252487367993
15,27293122,A,G,-0.000158390387367993
15,27293363,G,A,-0.000165312187367993
15,27293734,A,G,-0.000162366387367993
15,27293753,C,T,-0.000189733387367993
15,27294463,A,G,-0.000165525687367993
15,27294727,T,C,-0.000171559287367993
15,27297250,A,G,-0.000180486987367993
15,27299725,A,G,-0.000175648587367993
15,27299817,C,T,-0.000225641387367993
15,27302102,C,T,-0.000168809587367993
15,27302979,A,G,-0.000172718787367993
15,27303219,C,T,-0.000198613387367993
15,27305701,G,A,-0.000157910387367993
15,27307958,T,C,-0.000193740387367993
15,27310071,A,G,-0.000139627387367993
15,27311111,C,T,-0.000175157787367993
15,27311720,G,A,-0.000175100087367993
15,27312290,A,G,-0.000198359387367993
15,27314599,A,G,-0.000174008308367993
15,27316991,C,T,-0.000173672077367993
15,27317600,A,G,-0.000170031787367993
15,27317712,C,T,-0.000173761477367993
15,27320144,T,C,-0.000173885035367993
15,27323199,T,C,-0.000175155287367993
15,27324942,G,A,-0.000174073467367993
15,27325213,A,G,-0.000173933077367993
15,27327092,G,A,-0.000173783537367993
15,27329338,C,T,-0.000173145597367993
15,27331162,T,C,-0.000209009387367993
15,27331472,T,C,-0.000170015587367993
15,27339361,C,A,-0.000172462287367993
15,27341954,T,C,-0.000172541087367993
15,27344662,A,C,-0.000173149247367993
15,27347206,T,C,-0.000173297607367993
15,27348819,T,C,-0.000171687787367993
15,27349355,A,G,-0.000171537087367993
15,27356768,G,T,-0.000171855187367993
15,27359563,G,A,-0.000172021087367993
15,27363687,T,C,-0.000174047182367993
15,27364875,C,T,-0.000176869087367993
15,27365935,T,C,-0.000177161587367993
15,27372071,C,T,-0.000171080187367993
15,27372097,A,G,-0.000173373757367993
15,27372355,T,G,-0.000172421787367993
15,27372939,T,C,-0.000173327217367993
15,27373881,A,C,-0.000173367777367993
15,27378483,T,C,-0.000170060487367993
15,27379407,A,G,-0.000175212387367993
15,27379578,A,C,-0.000180213387367993
15,27381140,A,G,-0.000179308987367993
15,27382415,A,G,-0.000168572987367993
15,27386986,T,C,-0.000173027947367993
15,27389723,G,A,-0.000170835387367993
15,27391724,T,C,-0.000170885487367993
15,27393731,G,T,-0.000178108187367993
15,27398550,G,A,-0.000179346987367993
15,27399489,A,G,-0.000131711387367993
15,27401093,G,A,-0.000163531387367993
15,27401929,T,G,-0.000178756487367993
15,27402547,A,G,-0.000180784787367993
15,27402601,T,C,-0.000162369387367993
15,27406409,C,T,-0.000166604287367993
15,27409718,T,C,-0.000124145387367993
15,27409802,T,G,-0.000179173587367993
15,27409995,A,G,-0.000166454787367993
15,27410670,A,G,-0.000180110587367993
15,27412255,A,G,-0.000167986287367993
15,27412578,A,G,-0.000180725387367993
15,27415802,G,T,-0.000166052987367993
15,27416368,T,C,-0.000179608487367993
15,27417670,A,G,-0.000147426387367993
15,27419852,G,A,-0.000167437287367993
15,27419937,C,T,-0.000173827087367993
15,27421213,G,A,-0.000177949887367993
15,27423563,A,G,0.000143483612632007
15,27423772,A,G,-0.000191996387367993
15,27425002,T,C,-0.000179008787367993
15,27425994,G,A,-0.000177970587367993
15,27427967,A,C,-0.000176700787367993
15,27428321,T,G,-0.000176715487367993
15,27431316,A,G,-0.000196229387367993
15,27431957,A,G,-0.000173751327367993
15,27445482,G,A,-0.000175446787367993
15,27445749,C,T,-0.000172172387367993
15,27447844,G,A,-0.000171923287367993
15,27451647,G,A,-0.000173897515367993
15,27451961,G,A,-0.000173897515367993
15,27452858,A,G,-0.000174945507367993
15,27453908,G,A,-0.000167160387367993
15,27456381,T,C,-0.000184355387367993
15,27456469,A,G,-0.000171945187367993
15,27457439,A,C,-0.000184171387367993
15,27458435,G,A,-0.000174258347367993
15,27459196,T,C,-0.000174604037367993
15,27459234,A,G,-0.000173482667367993
15,27459607,T,G,-0.000174926427367993
15,27459714,C,A,-0.000186778387367993
15,27459816,G,A,-0.000186922387367993
15,27461076,G,A,-0.000171848087367993
15,27461334,A,G,-0.000186348387367993
15,27462334,C,T,-0.000172896287367993
15,27463874,G,A,-0.000174380817367993
15,27464022,C,T,-0.000200390387367993
15,27464258,C,T,-0.000174063837367993
15,27464356,G,A,-0.000171355387367993
15,27464852,T,C,-0.000180062787367993
15,27465102,T,G,-6.4716387367993e-05
15,27465932,G,A,-0.000181488087367993
15,27466391,G,A,-0.000180731887367993
15,27467814,A,G,-0.000181769287367993
15,27469636,G,A,-0.000178432987367993
15,27470289,C,T,-0.000175127187367993
15,27471182,G,A,-0.000181904087367993
15,27476575,C,T,-0.000183271187367993
15,27481781,T,C,-0.000149108387367993
15,27482770,G,A,-0.000183488787367993
15,27482946,C,T,-0.000173574127367993
15,27486831,G,A,-0.000150750387367993
15,27488882,G,T,-0.000184300387367993
15,27489383,G,A,-0.000185035387367993
15,27490200,C,T,-0.000176568387367993
15,27491205,T,C,-0.000181104487367993
15,27493902,G,A,-0.000166075687367993
15,27494696,A,G,-0.000170182987367993
15,27496307,G,T,-0.000174141527367993
15,27498213,A,G,-0.000174012292367993
15,27500108,A,C,-0.000165187487367993
15,27505136,C,T,-0.000170165687367993
15,27505235,C,T,-0.000170794987367993
15,27506536,A,G,-0.000164682887367993
15,27507035,T,C,-0.000166065687367993
15,27507773,T,C,-0.000183589387367993
15,27507951,A,G,-0.000172038387367993
15,27508143,G,A,-0.000169248787367993
15,27508810,G,A,-0.000165523387367993
15,27510350,C,A,-0.000220855387367993
15,27512209,C,T,-0.000168335587367993
15,27514209,A,C,-0.000302986387367993
15,27514661,C,T,-0.000168394587367993
15,27514749,A,G,-0.000168415287367993
15,27517679,C,T,-0.000172000487367993
15,27520811,G,A,-0.000168082787367993
15,27521217,A,G,-0.000168263987367993
15,27522360,G,A,-0.000220940387367993
15,27526029,T,G,-0.000172005887367993
15,27532089,G,A,-0.000172771187367993
15,27539309,A,C,-0.000201783387367993
15,27544861,A,C,-0.000171946687367993
15,27558300,T,C,-0.000195932387367993
15,27564786,G,A,-0.000460766387367993
15,27566453,C,T,-0.000180455687367993
15,27567385,C,T,-0.000209838387367993
15,27569623,G,T,-0.000171080687367993
15,27571843,C,T,-0.000191027387367993
15,27572192,A,G,-0.000197068387367993
15,27572329,C,A,-0.000189558387367993
15,27572764,G,A,-0.000176876387367993
15,27574116,C,T,-0.000197811387367993
15,27584009,C,T,-0.000218963387367993
15,27585034,A,G,-0.000181908687367993
15,27585628,A,C,-0.000176403387367993
15,27597927,A,G,-0.000177556287367993
15,27606723,T,C,-0.000166673387367993
15,27609892,G,A,-0.000169193187367993
15,27615176,A,G,-0.000168328987367993
15,27616913,G,A,-0.000162290387367993
15,27626860,A,G,-0.000173694207367993
15,27631855,A,G,-0.000175527887367993
15,27631886,C,T,-0.000175047587367993
15,27635573,T,C,-0.000173383627367993
15,27639562,G,A,-0.000175233887367993
15,27640183,T,C,-0.000182348787367993
15,27642177,G,A,-0.000175342387367993
15,27644351,T,C,-0.000172927787367993
15,27645222,A,G,-0.000171671687367993
15,27646379,G,A,-0.000171608387367993
15,27651732,G,A,-0.000171297587367993
15,27651867,G,T,-0.000171258087367993
15,27662957,G,A,-0.000172824087367993
15,27663696,G,A,-0.000171781387367993
15,27668224,G,A,-0.000175575287367993
15,27674014,A,G,-0.000188791387367993
15,27674176,C,T,-0.000169325587367993
15,27677968,C,T,-0.000169351587367993
15,27680487,T,G,-0.000190032387367993
15,27682831,C,T,-0.000168946687367993
15,27682851,T,C,-0.000173998757367993
15,27687150,G,T,-0.000172407387367993
15,27692175,G,T,-0.000179358987367993
15,27693841,C,T,-0.000177273287367993
15,27694075,A,G,-0.000171098287367993
15,27698463,T,C,-0.000149915387367993
15,27699117,A,G,-0.000161508387367993
15,27701578,T,G,-0.000170808987367993
15,27701890,T,C,-0.000158018387367993
15,27701914,A,G,-0.000180695187367993
15,27703715,G,A,-0.000171082387367993
15,27706279,A,G,-0.000169712087367993
15,27706661,A,G,-0.000138045387367993
15,27707061,C,A,-0.000188431387367993
15,27709626,C,T,-0.000166345987367993
15,27718560,G,T,-0.000165616587367993
15,27724296,A,G,-0.000172268287367993
15,27726527,C,T,-0.000168416187367993
15,27728755,A,G,-0.000172167887367993
15,27730318,A,C,-0.000171773687367993
15,27731262,C,T,-0.000163344387367993
15,27740007,G,T,-0.000166274887367993
15,27741737,G,A,-0.000167267087367993
15,27742401,T,C,-0.000195458387367993
15,27744850,A,G,-0.000174035562367993
15,27746578,C,T,-0.000182065887367993
15,27746840,C,T,-0.000177402187367993
15,27747635,G,T,-0.000174008031367993
15,27748064,C,T,-0.000175466487367993
15,27748112,C,T,-0.000175508587367993
15,27751786,T,C,-0.000178683787367993
15,27752745,C,T,-0.000172478887367993
15,27754799,C,T,-0.000175312987367993
15,27756585,G,A,-0.000174533247367993
15,27756702,C,T,-0.000174715507367993
15,27756974,G,T,-0.000176732287367993
15,27757575,G,A,-0.000174351837367993
15,27762182,A,G,-0.000174807787367993
15,27762838,G,T,-0.000175032187367993
15,27764600,T,C,-0.000174915667367993
15,27764628,G,A,-0.000174728537367993
15,27764816,T,C,-0.000174879487367993
15,27766015,T,C,-0.000174751207367993
15,27767328,T,C,-0.000174439217367993
15,27767965,T,C,-0.000174307417367993
15,27768133,C,T,-0.000174270197367993
15,27769859,C,T,-0.000174191727367993
15,27770713,C,T,-0.000174221047367993
15,27771423,T,C,-0.000173567347367993
15,27771525,G,A,-0.000173380397367993
15,27772505,G,T,-0.000173866401367993
15,27772676,C,T,-0.000174310837367993
15,27772892,G,A,-0.000173942778367993
15,27773791,G,A,-0.000174292277367993
15,27776043,T,C,-0.000173726947367993
15,27793837,A,C,-0.000181707387367993
15,27794146,G,A,-0.000183573987367993
15,27794466,T,C,-0.000172110087367993
15,27794508,A,G,-0.000175091587367993
15,27794806,C,T,-0.000174672227367993
15,27798806,T,G,-0.000175651387367993
15,27799223,C,T,-0.000175970087367993
15,27800012,A,C,-0.000175956787367993
15,27800075,T,C,-0.000175917787367993
15,27801653,T,C,-0.000175838687367993
15,27801663,T,C,-0.000175897187367993
15,27804427,A,G,-0.000175799187367993
15,27808547,A,G,-0.000175825587367993
15,27810966,A,G,-0.000175558587367993
15,27812011,G,A,-0.000175490187367993
15,27819158,G,A,-0.000169930987367993
15,27823236,T,C,-0.000168260787367993
15,27825395,G,A,-0.000181509787367993
15,27825696,G,A,-0.000167734187367993
15,27827537,T,C,-0.000172801087367993
15,27828301,T,C,-0.000172767387367993
15,27828539,G,A,-0.000184324387367993
15,27831212,G,T,-0.000173063097367993
15,27831684,T,C,-0.000172647387367993
15,27832430,C,T,-0.000166551987367993
15,27833502,T,G,-0.000173222947367993
15,27835646,A,G,-0.000167904487367993
15,27836802,A,G,-0.000168185287367993
15,27837372,A,G,-0.000184565387367993
15,27837714,G,A,-0.000184638387367993
15,27837940,T,G,-0.000172138287367993
15,27841836,T,C,-0.000170997787367993
15,27842037,A,G,-0.000148571387367993
15,27842066,G,A,-0.000177954387367993
15,27843351,A,G,-0.000166191487367993
15,27843814,G,A,-0.000166281987367993
15,27844181,A,C,-0.000209030387367993
15,27845275,T,C,-0.000176128787367993
15,27845921,A,G,-0.000172099487367993
15,27846815,T,G,-0.000176247987367993
15,27847893,C,T,-0.000174729777367993
15,27848831,A,G,-0.000171763987367993
15,27849304,C,T,-0.000171483687367993
15,27850579,T,G,-0.000163630387367993
15,27850666,C,T,-0.000161748387367993
15,27850923,A,G,-0.000175733087367993
15,27857708,C,T,-0.000201803387367993
15,27860447,A,C,-0.000162116387367993
15,27865463,T,C,-0.000164069287367993
15,27865736,A,G,-0.000164193387367993
15,27866120,T,G,-0.000163576387367993
15,27866196,C,T,-0.000164232787367993
15,27866498,T,C,-0.000164468987367993
15,27866667,G,A,-0.000163550387367993
15,27866743,G,A,-0.000175384987367993
15,27867670,G,A,-0.000163961487367993
15,27871414,A,C,-0.000172458887367993
15,27871975,A,G,-0.000178584387367993
15,27872136,C,A,-0.000178937987367993
15,27872235,T,C,-0.000171812787367993
15,27873562,G,A,-0.000179816787367993
15,27874675,A,C,-0.000172095887367993
15,27876795,T,C,-0.000194423387367993
15,27877061,C,A,-0.000171242887367993
15,27877098,G,A,-0.000174783807367993
15,27878901,A,C,-0.000172078187367993
15,27879534,A,G,-0.000172341587367993
15,27880297,T,C,-0.000172938087367993
15,27881294,T,C,-0.000169964287367993
15,27881836,A,G,-0.000180515787367993
15,27882122,G,A,-0.000163422387367993
15,27882697,T,C,-0.000167815287367993
15,27882821,A,C,-0.000178646887367993
15,27883641,G,A,-0.000143288387367993
15,27883744,A,G,-0.000193384387367993
15,27887347,G,A,-0.000162441387367993
15,27890359,C,T,-0.000165914687367993
15,27890491,G,T,-0.000175644787367993
15,27890683,G,T,-0.000183532887367993
15,27891687,T,C,-0.000178711287367993
15,27891784,C,T,-0.000178747787367993
15,27892569,C,T,-0.000213081387367993
15,27894691,G,A,-0.000118177387367993
15,27898527,A,C,-0.000188339387367993
15,27904793,C,T,-0.000222273387367993
15,27905337,T,C,-0.000719716387367993
15,27909168,A,C,-0.000285456387367993
15,27910050,G,T,-0.000191330387367993
15,27910635,A,G,-0.000177488687367993
15,27910731,G,A,-0.000189582387367993
15,27910813,T,C,-0.000188765387367993
15,27910951,G,T,-0.000641636387367993
15,27911226,A,G,-0.000183842587367993
15,27911483,C,T,-0.000569596387367993
15,27912483,C,T,-0.000780806387367993
15,27913990,G,T,-0.000177058487367993
15,27914565,T,G,-0.000188004387367993
15,27916934,A,G,-0.000188529387367993
15,27925836,C,T,-0.000203617387367993
15,27926499,G,A,-0.000489316387367993
15,27929124,T,C,-0.000268292387367993
15,27929147,G,A,-0.000245831387367993
15,27929228,A,C,-0.000205874387367993
15,27929460,A,G,-0.000174744567367993
15,27929805,T,C,-0.000287816387367993
15,27930216,G,A,-0.000312576387367993
15,27932744,G,A,-0.000173321727367993
15,27932902,T,C,-0.000142862387367993
15,27934122,A,G,-0.000169829187367993
15,27934503,A,G,-0.000174284957367993
15,27935236,C,T,-0.000283456387367993
15,27935488,G,T,-0.000177319887367993
15,27935665,A,C,-0.000170848887367993
15,27935992,T,C,-0.000172521887367993
15,27936763,T,C,-0.000231294387367993
15,27937153,A,G,-0.000177001587367993
15,27940159,G,A,-0.000154412387367993
15,27940339,G,A,-0.000178181587367993
15,27943294,G,A,-0.000186294387367993
15,27944247,T,C,-0.000180509087367993
15,27945323,T,C,-0.000174836397367993
15,27947943,C,T,-0.000180014887367993
15,27948277,A,G,-0.000139582387367993
15,27949040,C,T,-0.000193577387367993
15,27950327,T,C,-0.000175854087367993
15,27951907,A,G,-0.000301376387367993
15,27959572,T,C,-0.000177715387367993
15,27960322,C,T,-0.000157626387367993
15,27964756,A,G,-0.000186664387367993
15,27969566,A,G,2.5913612632007e-05
15,27971639,A,G,-0.000177327087367993
15,27972055,A,G,-0.000187732387367993
15,27975492,G,A,-0.000170876487367993
15,27977187,C,T,-0.000179407087367993
15,27977779,C,T,-0.000174801127367993
15,27978354,T,C,-0.000174896037367993
15,27982146,G,A,-0.000191805387367993
15,27982890,T,G,-0.000161311387367993
15,27982953,C,A,-0.000161158387367993
15,27984185,A,G,-0.000203291387367993
15,27985198,A,G,-0.000172507087367993
15,27985372,A,C,-0.000186708387367993
15,27985614,T,G,-0.000185765387367993
15,27987988,A,G,-0.000165833787367993
15,27988483,T,C,-0.000174997687367993
15,27988932,A,G,-0.000177766087367993
15,27991724,T,C,-0.000192752387367993
15,27992008,T,C,-0.000175460087367993
15,27992738,T,C,-0.000188959387367993
15,27994030,A,G,-0.000192143387367993
15,27994731,C,A,-0.000158756387367993
15,27995513,T,C,-0.000176659087367993
15,27995705,C,T,-0.000177633687367993
15,27997804,T,C,-0.000168738387367993
15,27999836,G,A,-0.000170315087367993
15,28001858,C,T,-0.000175557887367993
15,28002059,T,C,-0.000168973387367993
15,28003335,A,G,-0.000292206387367993
15,28006306,C,T,-0.000167690187367993
15,28007476,G,A,-0.000168336387367993
15,28009556,G,A,-0.000169952387367993
15,28011168,T,C,-0.000178228787367993
15,28011651,T,G,-0.000170470987367993
15,28013600,C,T,-0.000514276387367993
15,28014104,C,T,-0.000162479387367993
15,28018655,T,G,-0.000180357387367993
15,28021503,T,C,-0.000176094287367993
15,28021888,A,G,-0.000176693987367993
15,28025222,G,A,-0.000207305387367993
15,28028248,G,A,-0.000167473687367993
15,28031518,A,C,-0.000175231487367993
15,28039251,C,T,-0.000174756517367993
15,28040221,A,G,-0.000167641687367993
15,28040342,T,C,-0.000174762217367993
15,28040757,G,A,-0.000171594587367993
15,28041927,T,C,-0.000174390287367993
15,28041939,C,T,-0.000174394097367993
15,28042154,A,G,-0.000169291187367993
15,28042432,T,C,-0.000166246587367993
15,28044113,G,A,-0.000157657387367993
15,28044229,C,T,-0.000170640987367993
15,28044300,T,G,-0.000157502387367993
15,28048735,G,A,-0.000175253487367993
15,28053557,A,G,-0.000174882547367993
15,28053778,C,T,-0.000175180887367993
15,28058908,A,G,-0.000170682387367993
15,28060629,G,A,-0.000170650587367993
15,28065086,C,T,-0.000173652377367993
15,28069068,T,G,-0.000173544407367993
15,28071687,A,G,-0.000173870791367993
15,28072228,A,G,-0.000173479327367993
15,28073758,T,C,-0.000145684387367993
15,28078436,A,G,-0.000173234007367993
15,28079860,A,G,-0.000150673387367993
15,28080061,C,T,-0.000173301977367993
15,28080112,T,G,-0.000144938387367993
15,28080166,T,C,-0.000173638297367993
15,28080367,A,G,-0.000172316587367993
15,28080692,T,C,-0.000166020587367993
15,28082218,A,G,-0.000150462387367993
15,28084084,C,T,-0.000173677237367993
15,28086396,T,C,-0.000172118487367993
15,28089226,T,C,-0.000160893387367993
15,28089565,C,T,-0.000193411387367993
15,28090173,T,C,-0.000161174387367993
15,28091004,A,C,-0.000198138387367993
15,28091290,A,G,-0.000175177287367993
15,28092581,C,A,-0.000174923297367993
15,28096321,A,G,-0.000171232787367993
15,28096453,G,A,-0.000173815297367993
15,28096842,A,G,-0.000194478387367993
15,28097278,A,G,-0.000173882482367993
15,28101137,A,G,-0.000169007287367993
15,28106137,T,C,-0.000174046793367993
15,28106587,G,A,-0.000174082247367993
15,28108021,A,G,-0.000169138387367993
15,28111746,T,C,-0.000175238287367993
15,28112723,C,T,-0.000199570387367993
15,28114289,C,A,-0.000173365207367993
15,28121265,A,G,-0.000174161377367993
15,28127373,T,C,-0.000174143547367993
15,28132043,C,T,-0.000195471387367993
15,28132845,A,G,-0.000174423317367993
15,28134214,T,C,-0.000172304587367993
15,28140844,T,C,-0.000194677387367993
15,28141304,A,G,-0.000174027481367993
15,28144976,C,T,-0.000205637387367993
15,28145024,C,T,-0.000171889887367993
15,28145050,T,C,-0.000174238587367993
15,28145604,T,G,-0.000209112387367993
15,28145741,A,G,-0.000210690387367993
15,28147206,T,C,-0.000174242777367993
15,28148237,T,C,-0.000171944087367993
15,28148601,C,T,-0.000217388387367993
15,28150561,A,C,-0.000180828787367993
15,28151005,C,T,-0.000173180207367993
15,28151062,C,T,-0.000180817787367993
15,28154143,T,G,-0.000180887287367993
15,28155229,A,G,-0.000184286387367993
15,28157259,T,G,-0.000158486387367993
15,28157501,A,G,-0.000173413437367993
15,28158075,C,A,-0.000180992287367993
15,28171128,G,A,-0.000155577387367993
15,28174232,C,T,-0.000174601207367993
15,28177872,T,C,-0.000179270087367993
15,28178868,T,C,-0.000178450387367993
15,28179306,C,A,-0.000183816787367993
15,28179603,T,C,-0.000155721387367993
15,28179879,C,T,-0.000181195287367993
15,28181981,G,T,-0.000174876027367993
15,28182306,G,A,-0.000172184587367993
15,28182715,T,C,-0.000177451187367993
15,28183354,T,C,-0.000178745987367993
15,28183532,A,G,-0.000174433287367993
15,28184154,T,G,-0.000174578217367993
15,28185038,A,G,-0.000177914887367993
15,28186658,T,C,-0.000179807787367993
15,28192224,A,G,-0.000177917487367993
15,28198567,T,C,-0.000174624437367993
15,28199853,C,A,-0.000174836907367993
15,28200042,T,C,-0.000178856987367993
15,28200408,T,C,-0.000174742387367993
15,28202573,G,A,-0.000181944687367993
15,28205100,A,G,-0.000176427387367993
15,28205564,G,A,-0.000190659387367993
15,28208434,C,T,-0.000190661387367993
15,28211758,A,G,-0.000174815147367993
15,28211921,G,A,-0.000181087987367993
15,28214759,C,T,-0.000183963387367993
15,28216857,C,T,-0.000183496587367993
15,28221138,G,A,-0.000175195187367993
15,28228644,G,A,-0.000184242387367993
15,28229255,A,G,-0.000189873387367993
15,28230184,C,T,-0.000189065387367993
15,28230318,T,C,-0.000179495587367993
15,28231357,G,T,-0.000176376387367993
15,28231793,T,C,-0.000176420587367993
15,28234410,T,G,-0.000189302387367993
15,28235773,C,T,-0.000179585587367993
15,28237909,T,C,-0.000179461687367993
15,28239710,T,C,-0.000179234587367993
15,28239735,T,C,-0.000179195687367993
15,28259863,G,A,-0.000208592387367993
15,28267338,T,C,-0.000171819987367993
15,28271711,A,C,-0.000175749487367993
15,28272065,T,C,-0.000176722187367993
15,28274457,A,G,-0.000165257987367993
15,28276686,T,G,-0.000164775387367993
15,28276762,A,G,-0.000176019687367993
15,28280835,A,G,-0.000173200357367993
15,28281765,T,C,-0.000174678047367993
15,28282096,A,G,-0.000176583587367993
15,28282741,T,G,-0.000173066547367993
15,28283507,A,G,-0.000174562937367993
15,28283689,T,C,-0.000174513887367993
15,28288121,T,G,-0.000173534127367993
15,28288748,G,A,-0.000173473147367993
15,28291812,T,C,-0.000174071077367993
15,28292178,C,T,-0.000174155247367993
15,28294922,T,G,-0.000174849277367993
15,28296425,C,T,-0.000173948616767993
15,28297894,T,C,-0.000174650187367993
15,28299454,A,G,-0.000175078787367993
15,28299608,T,C,-0.000175014787367993
15,28304987,C,T,-0.000171872987367993
15,28305483,G,A,-0.000172441987367993
15,28307179,C,T,-0.000170583187367993
15,28310974,G,A,-0.000170075487367993
15,28323770,G,A,-0.000178684487367993
15,28328765,A,G,-0.000168768287367993
15,28335820,G,A,-0.000171435987367993
15,28338713,A,C,-0.000148352387367993
15,28344238,G,A,-0.000173556207367993
15,28344328,T,C,-0.000173517297367993
15,28355655,T,C,-0.000174314497367993
15,28356130,A,G,-0.000171664287367993
15,28356349,G,A,-0.000174326397367993
15,28357230,T,C,-0.000175558187367993
15,28359258,G,A,-0.000179811287367993
15,28361142,C,T,-0.000176490787367993
15,28361764,C,T,-0.000175543687367993
15,28363189,A,C,-0.000174988887367993
15,28364954,G,A,-0.000175939887367993
15,28365431,A,G,-0.000174561177367993
15,28365618,A,G,-0.000177975987367993
15,28365733,A,C,-0.000169423887367993
15,28366190,G,A,-0.000175715987367993
15,28367351,G,A,-0.000175455387367993
15,28368969,C,T,-0.000175003287367993
15,28368995,C,T,-0.000174769937367993
15,28369747,C,T,-0.000174398027367993
15,28370554,A,G,-0.000174759007367993
15,28372445,C,T,-0.000175054387367993
15,28373334,T,C,-0.000174941197367993
15,28374012,T,C,-0.000174045450367993
15,28375872,A,G,-0.000178172687367993
15,28376910,C,T,-0.000174976387367993
15,28377772,C,T,-0.000180212887367993
15,28382772,C,T,-0.000177936587367993
15,28384261,C,T,-0.000178835687367993
15,28384491,A,G,-0.000169926787367993
15,28384923,T,C,-0.000174679807367993
15,28386626,T,C,-0.000171917787367993
15,28396894,G,T,-0.000212223387367993
15,28414665,T,C,-0.000172459987367993
15,28440287,C,T,-0.000169499887367993
15,28488888,C,T,-0.000183985387367993
15,28490368,T,G,-0.000183342387367993
15,28494032,A,G,-0.000183234687367993
15,28494202,C,T,-0.000182717087367993
15,28496195,G,A,-0.000182726787367993
15,28499459,C,T,-0.000182491687367993
15,28502744,A,G,-0.000183435587367993
15,28506833,A,G,-0.000170321587367993
15,28510895,A,G,-0.000183212087367993
15,28513364,T,C,-0.000177393287367993
15,28514281,T,C,-0.000176670987367993
15,28516084,C,T,-0.000176202487367993
15,28520506,G,A,-0.000183382487367993
15,28522602,G,A,-0.000183537287367993
15,28522684,C,T,-0.000183075187367993
15,28526228,A,G,-0.000182840687367993
15,28530182,C,T,-0.000177952387367993
15,28530359,A,G,-0.000183064387367993
15,28532639,T,C,-0.000177065087367993
15,28535266,A,C,-0.000184659387367993
15,28958739,T,C,-0.000218990387367993
15,28962131,A,G,-0.000172118487367993
15,28962540,C,T,-0.000172350387367993
15,28963100,T,C,-0.000178101187367993
15,28986234,C,T,-0.000162561387367993
15,29006093,T,C,-0.000177044887367993
15,29013164,G,A,-0.000172922287367993
15,29030257,G,A,-0.000176183187367993
15,29050198,G,T,-0.000175689487367993
15,29058298,G,A,-0.000179862887367993
15,29220980,C,A,-0.000163953387367993
15,29225885,T,G,-0.000161430387367993
15,29227382,G,A,-0.000160618387367993
15,29235279,A,G,-0.000153535387367993
15,29235718,A,G,-0.000153872387367993
15,29236524,C,T,-0.000154635387367993
15,29236593,T,C,-0.000178122587367993
15,29236675,T,C,-0.000153126387367993
15,29237386,A,G,-0.000154425387367993
15,29237421,A,C,-0.000158794387367993
15,29238202,C,T,-0.000158452387367993
15,29238573,A,G,-0.000159477387367993
15,29239236,C,T,-0.000186169387367993
15,29239817,A,G,-0.000176518887367993
15,29242164,C,A,-2.67638736799303e-06
15,29242229,T,C,-9.4231387367993e-05
15,29243218,G,A,-8.5433387367993e-05
15,29247691,G,T,4.8593612632007e-05
15,29247924,A,C,-1.1226387367993e-05
15,29253888,G,A,-0.000159030387367993
15,29256096,G,A,0.00139594361263201
15,29259422,T,C,0.000541403612632007
15,29261716,T,C,-7.7465387367993e-05
15,29266171,G,A,-5.3666387367993e-05
15,29266559,C,T,-0.000154334387367993
15,29267323,A,G,-0.000151420387367993
15,29268550,C,T,-3.2206387367993e-05
15,29268667,G,A,-0.000153627387367993
15,29269681,G,A,-0.000153513387367993
15,29270500,C,T,-0.000153452387367993
15,29275854,G,A,-0.000146509387367993
15,29283766,T,C,0.000129733612632007
15,29284059,T,C,0.000125273612632007
15,29284241,A,G,0.000918843612632007
15,29286479,A,G,-0.000180704787367993
15,29288022,G,A,8.5513612632007e-05
15,29288420,C,T,0.000262483612632007
15,29289473,A,G,0.000136123612632007
15,29294180,C,T,-0.000157218387367993
15,29295646,A,G,-0.000190047387367993
15,29295870,C,T,-0.000147447387367993
15,29299760,T,C,-0.000177297287367993
15,29301571,G,A,0.000140883612632007
15,29303531,A,G,-0.000165762587367993
15,29303803,G,A,-0.000178728387367993
15,29305437,A,G,-0.000192079387367993
15,29307904,C,T,-0.000145034387367993
15,29310138,C,T,-0.000141807387367993
15,29312421,C,T,-0.000136041387367993
15,29315604,A,G,-0.000142479387367993
15,29316466,A,G,-0.000142319387367993
15,29325250,T,C,-0.000156125387367993
15,29325866,G,A,-0.000177267487367993
15,29327352,A,G,-0.000156195387367993
15,29330054,G,A,-0.000154079387367993
15,29331898,G,A,-0.000165899987367993
15,29332043,C,T,-0.000165864987367993
15,29333026,C,T,-0.000165807687367993
15,29334291,A,G,-0.000152956387367993
15,29335474,T,G,-0.000164653187367993
15,29336169,T,C,-0.000147864387367993
15,29336605,G,A,-0.000148247387367993
15,29338209,C,T,-0.000143150387367993
15,29338326,G,A,-0.000173263457367993
15,29338502,T,C,-0.000146435387367993
15,29339499,A,G,-0.000178750487367993
15,29339947,G,A,-0.000176445687367993
15,29343628,T,C,-0.000176133887367993
15,29343792,C,A,-0.000181430487367993
15,29348326,T,C,-0.000183968387367993
15,29348457,G,A,-0.000176226587367993
15,29357554,T,C,-0.000180341887367993
15,29358967,A,G,-0.000175373287367993
15,29360401,A,G,-0.000174907077367993
15,29379764,T,C,-0.000181543787367993
15,29381175,C,T,-0.000144906387367993
15,29381801,T,C,-0.000165852087367993
15,29382463,G,A,-0.000174686307367993
15,29383069,A,C,-0.000164228787367993
15,29383972,G,A,-0.000178053987367993
15,29389024,C,T,-0.000174667547367993
15,29392150,C,T,-0.000176036587367993
15,29405375,C,T,-0.000169949787367993
15,29405523,A,G,-0.000172364887367993
15,29406697,A,C,-0.000170720287367993
15,29410238,G,A,-0.000171469487367993
15,29410553,G,A,-0.000173335187367993
15,29410578,C,T,-0.000172277787367993
15,29411326,G,A,-0.000174485547367993
15,29412047,C,T,-0.000171850887367993
15,29412402,T,G,-0.000174065077367993
15,29412566,G,A,-0.000174705857367993
15,29412668,G,A,-0.000176402087367993
15,29412947,T,G,-0.000178992787367993
15,29412951,A,G,-0.000178716587367993
15,29413095,T,G,-0.000179418487367993
15,29413678,C,T,-0.000175382187367993
15,29414546,T,C,-0.000192555387367993
15,29414884,T,C,-0.000163554387367993
15,29415560,G,A,-0.000173214367367993
15,29415698,A,G,-0.000178049187367993
15,29416901,G,A,-0.000132479387367993
15,29417057,G,A,-0.000168098987367993
15,29417662,T,C,-0.000168601587367993
15,29418573,A,G,-0.000160870387367993
15,29418745,G,T,-0.000160696387367993
15,29418987,A,G,-0.000161793387367993
15,29420381,C,T,-0.000165498587367993
15,29421054,T,C,-0.000150538387367993
15,29422682,T,G,-0.000174901437367993
15,29425240,A,C,-0.000175647287367993
15,29426096,T,C,-0.000185852387367993
15,29426782,A,G,-0.000178927987367993
15,29429088,G,A,-0.000180634887367993
15,29431765,G,A,-0.000142680387367993
15,29432182,C,T,-0.000153804387367993
15,29436224,A,G,0.000410663612632007
15,29438477,G,A,-0.000259507387367993
15,29441017,A,G,-0.000176216787367993
15,29442204,G,A,0.00107574361263201
15,29442525,A,C,0.00125514361263201
15,29442657,T,G,-0.000175825987367993
15,29443122,A,G,-0.000157260387367993
15,29443267,A,G,-0.000145457387367993
15,29443314,C,T,-0.000155366387367993
15,29443503,C,A,-0.000181576487367993
15,29443548,C,T,-0.000147968387367993
15,29443707,T,C,-0.000155811387367993
15,29443949,G,A,-0.000155875387367993
15,29444078,G,A,-0.000155552387367993
15,29444156,C,T,-0.000155321387367993
15,29445035,C,T,-0.000154644387367993
15,29445702,C,T,-0.000154116387367993
15,29446620,T,G,-0.000153367387367993
15,29447049,T,C,-0.000116764387367993
15,29447147,G,A,-9.4366387367993e-05
15,29448057,G,A,-0.000129374387367993
15,29449729,A,G,-0.000175492887367993
15,29450276,G,T,-0.000167238087367993
15,29451613,T,C,-0.000167957887367993
15,29451629,G,A,-0.000168804187367993
15,29453505,T,C,-0.000178883987367993
15,29461470,A,C,-0.000173916110367993
15,29462834,A,C,-0.000178731187367993
15,29467472,A,G,-0.000176251087367993
15,29467605,T,C,-0.000174154827367993
15,29468794,C,T,-0.000165498387367993
15,29469236,G,A,-0.000167811687367993
15,29469871,C,T,-0.000167210987367993
15,29474703,A,G,-0.000168116287367993
15,29479038,A,G,-0.000160600387367993
15,29482443,C,T,-0.000169085987367993
15,29484171,G,A,-0.000168080587367993
15,29485311,C,T,-0.000168705287367993
15,29485336,A,G,-0.000168960287367993
15,29489068,A,G,-0.000168801087367993
15,29490217,G,A,-0.000168470487367993
15,29491711,T,C,-0.000194513387367993
15,29496888,T,C,-0.000165174187367993
15,29500246,C,T,-0.000151618387367993
15,29500299,T,C,-0.000170005787367993
15,29502957,C,T,-0.000173566347367993
15,29515658,T,C,-0.000173535137367993
15,29517620,G,A,-0.000175291487367993
15,29523992,C,T,-0.000175867787367993
15,29525591,A,G,-0.000175693987367993
15,29525855,C,T,-0.000175679787367993
15,29526725,C,T,-0.000113343387367993
15,29528928,G,T,-0.000175362487367993
15,29529018,G,A,-0.000175420787367993
15,29530483,A,G,-0.000174218777367993
15,29531333,G,A,-0.000174236307367993
15,29536173,T,C,-0.000188660387367993
15,29537186,G,T,-0.000167543887367993
15,29542955,T,C,-0.000189971387367993
15,29542977,A,G,-0.000190669387367993
15,29543112,C,T,-0.000191439387367993
15,29543192,C,T,-0.000190190387367993
15,29544523,A,C,-0.000192019387367993
15,29544656,T,C,-0.000191365387367993
15,29547310,T,C,-0.000170072187367993
15,29549235,G,A,-0.000197803387367993
15,29550819,T,C,-0.000178160287367993
15,29551374,G,A,-0.000195625387367993
15,29551464,A,G,-0.000196272387367993
15,29551632,A,G,-0.000196159387367993
15,29553262,C,T,-0.000170079187367993
15,29555737,A,G,-0.000198381387367993
15,29559600,A,G,-0.000175998587367993
15,29562640,A,G,-0.000167418487367993
15,29564635,A,G,-0.000182688087367993
15,29564793,G,A,-0.000183324987367993
15,29567212,T,C,-0.000167076487367993
15,29568587,C,T,-0.000167136587367993
15,29571426,C,T,-0.000173677467367993
15,29572864,G,A,-0.000173508817367993
15,29573617,A,G,-0.000173905672367993
15,29573780,C,T,-0.000173636937367993
15,29574030,G,A,-0.000173639697367993
15,29576453,A,G,-0.000173808327367993
15,29579411,C,T,-0.000175188087367993
15,29580148,C,T,-0.000175014387367993
15,29582647,C,T,-0.000175148887367993
15,29584194,T,C,-0.000174811467367993
15,29586577,A,G,-0.000173837147367993
15,29589472,G,A,-0.000168412087367993
15,29589533,C,T,-0.000125444387367993
15,29589782,G,A,-0.000162142387367993
15,29589801,C,A,-0.000168686487367993
15,29590282,A,C,-3.4936387367993e-05
15,29590658,T,C,-0.000168820687367993
15,29590879,A,G,-0.000167833987367993
15,29600003,T,C,-0.000126011387367993
15,29602071,C,T,-0.000164456987367993
15,29604582,C,T,-0.000165027287367993
15,29605444,T,G,-0.000165832087367993
15,29606903,G,A,-0.000124130387367993
15,29607335,A,G,-0.000150054387367993
15,29608186,C,A,-0.000166723787367993
15,29608678,T,C,-0.000165849087367993
15,29615111,C,T,-0.000160009387367993
15,29622800,A,C,-0.000171376787367993
15,29622949,A,C,-0.000171140087367993
15,29625939,A,G,-0.000200023387367993
15,29626710,G,A,-0.000186012387367993
15,29627223,T,C,-0.000186466387367993
15,29628438,A,C,-0.000200099387367993
15,29629511,A,G,-0.000188877387367993
15,29634514,T,C,-0.000187172387367993
15,29636480,A,G,-0.000187154387367993
15,29640307,C,A,-0.000193538387367993
15,29641369,G,A,-0.000171648987367993
15,29642183,C,T,-0.000188795387367993
15,29645100,T,C,-0.000170604187367993
15,29645263,G,A,-0.000185222387367993
15,29645473,A,G,-0.000180192087367993
15,29653289,C,T,-0.000176525187367993
15,29653997,T,G,-0.000178820087367993
15,29654085,T,C,-0.000178825287367993
15,29659013,G,T,-0.000178835587367993
15,29659629,A,G,-0.000178772187367993
15,29659890,T,G,-0.000178767087367993
15,29665115,C,T,-0.000166780687367993
15,29668495,C,T,-0.000180522587367993
15,29670291,A,C,-0.000178756487367993
15,29671219,G,A,-0.000172595687367993
15,29671295,G,A,-0.000178826787367993
15,29672142,G,A,-0.000178952087367993
15,29675431,A,G,-0.000178722387367993
15,29675668,T,C,-0.000173192357367993
15,29675684,C,T,0.000366063612632007
15,29677367,C,A,-0.000193883387367993
15,29677653,G,T,-0.000185163387367993
15,29677984,A,G,-0.000179536987367993
15,29678918,G,A,-0.000176620687367993
15,29682506,G,A,-0.000176285187367993
15,29682967,T,C,-0.000173069817367993
15,29684658,C,T,-0.000169995887367993
15,29684952,T,C,-0.000180488087367993
15,29685764,G,T,-0.000168274987367993
15,29686861,C,T,-0.000189307387367993
15,29687453,T,C,-0.000181173887367993
15,29690408,C,T,-0.000201612387367993
15,29692391,G,A,-0.000184148387367993
15,29692680,T,C,-0.000171265987367993
15,29697833,T,C,-0.000171415587367993
15,29698614,T,C,-0.000176611087367993
15,29703452,A,G,-0.000171438087367993
15,29704000,C,T,-0.000172032187367993
15,29704993,C,T,-0.000172029587367993
15,29710092,G,A,-0.000176198287367993
15,29716141,C,T,-0.000170939087367993
15,29717045,A,G,-0.000173142697367993
15,29718086,T,C,-0.000170986287367993
15,29719664,C,A,-0.000173069437367993
15,29720356,A,G,-0.000171220487367993
15,29721817,G,A,-0.000172245987367993
15,29722088,G,A,-0.000172776487367993
15,29722121,T,C,-0.000172276587367993
15,29723116,T,C,-0.000168775287367993
15,29725663,C,T,-0.000172640287367993
15,29726088,T,C,-0.000172726987367993
15,29726438,T,C,-0.000153929387367993
15,29728403,G,T,-0.000190021387367993
15,29728948,C,T,-0.000172300787367993
15,29730152,T,G,-0.000171690587367993
15,29730996,A,G,-0.000171692087367993
15,29733283,A,G,-0.000169448187367993
15,29733674,C,T,-0.000172976257367993
15,29735404,T,C,-0.000174530397367993
15,29735946,A,G,-0.000170465487367993
15,29741121,T,C,-0.000180958987367993
15,29741156,G,T,-0.000175071787367993
15,29741279,A,C,-0.000280666387367993
15,29745131,A,G,-0.000177377987367993
15,29745971,A,G,-0.000179547687367993
15,29746475,T,G,-0.000176339687367993
15,29747573,G,A,-0.000168861687367993
15,29750963,T,C,-0.000245637387367993
15,29751126,T,C,-0.000176587187367993
15,29754212,G,A,-0.000185780387367993
15,29760516,G,A,-0.000178686287367993
15,29761249,T,C,-0.000179852787367993
15,29761377,G,A,-0.000179885687367993
15,29762298,A,G,-0.000182535287367993
15,29764531,C,A,-0.000179639787367993
15,29766306,T,C,-0.000196912387367993
15,29769188,T,C,-0.000182653387367993
15,29769495,A,G,-0.000180000887367993
15,29769590,T,C,-0.000179427287367993
15,29772272,C,T,-0.000175102787367993
15,29773670,A,G,-0.000185051387367993
15,29775145,A,G,-0.000177635187367993
15,29784555,C,T,-0.000187540387367993
15,29785312,G,A,-0.000186666387367993
15,29803429,A,C,-0.000170236387367993
15,29803444,T,C,-0.000170624187367993
15,29803473,G,T,-0.000183324187367993
15,29805804,C,T,-0.000170129787367993
15,29812331,C,T,-0.000175893087367993
15,29812777,C,T,-0.000174861717367993
